Team,League,Year,RS,RA,W,OBP,SLG,BA,Playoffs,RankSeason,RankPlayoffs,G,OOBP,OSLG
ARI,NL,2012,734,688,81,0.33,0.42,0.26,0,NaN,NaN,162,0.32,0.41
ATL,NL,2012,700,600,94,0.32,0.39,0.25,1,4.00,5.00,162,0.31,0.38
BAL,AL,2012,712,705,93,0.31,0.42,0.25,1,5.00,4.00,162,0.32,0.40
BOS,AL,2012,734,806,69,0.32,0.41,0.26,0,NaN,NaN,162,0.33,0.43
CHC,NL,2012,613,759,61,0.30,0.38,0.24,0,NaN,NaN,162,0.34,0.42
CHW,AL,2012,748,676,85,0.32,0.42,0.26,0,NaN,NaN,162,0.32,0.41
CIN,NL,2012,669,588,97,0.32,0.41,0.25,1,2.00,4.00,162,0.30,0.39
CLE,AL,2012,667,845,68,0.32,0.38,0.25,0,NaN,NaN,162,0.34,0.43
COL,NL,2012,758,890,64,0.33,0.44,0.27,0,NaN,NaN,162,0.36,0.47
DET,AL,2012,726,670,88,0.34,0.42,0.27,1,6.00,2.00,162,0.31,0.40
HOU,NL,2012,583,794,55,0.30,0.37,0.24,0,NaN,NaN,162,0.34,0.43
KCR,AL,2012,676,746,72,0.32,0.40,0.27,0,NaN,NaN,162,0.34,0.42
LAA,AL,2012,767,699,89,0.33,0.43,0.27,0,NaN,NaN,162,0.31,0.40
LAD,NL,2012,637,597,86,0.32,0.37,0.25,0,NaN,NaN,162,0.31,0.36
MIA,NL,2012,609,724,69,0.31,0.38,0.24,0,NaN,NaN,162,0.33,0.40
MIL,NL,2012,776,733,83,0.33,0.44,0.26,0,NaN,NaN,162,0.33,0.41
MIN,AL,2012,701,832,66,0.33,0.39,0.26,0,NaN,NaN,162,0.33,0.44
NYM,NL,2012,650,709,74,0.32,0.39,0.25,0,NaN,NaN,162,0.32,0.40
NYY,AL,2012,804,668,95,0.34,0.45,0.27,1,3.00,3.00,162,0.31,0.42
OAK,AL,2012,713,614,94,0.31,0.40,0.24,1,4.00,4.00,162,0.31,0.38
PHI,NL,2012,684,680,81,0.32,0.40,0.26,0,NaN,NaN,162,0.31,0.41
PIT,NL,2012,651,674,79,0.30,0.40,0.24,0,NaN,NaN,162,0.31,0.39
SDP,NL,2012,651,710,76,0.32,0.38,0.25,0,NaN,NaN,162,0.32,0.40
SEA,AL,2012,619,651,75,0.30,0.37,0.23,0,NaN,NaN,162,0.31,0.39
SFG,NL,2012,718,649,94,0.33,0.40,0.27,1,4.00,1.00,162,0.31,0.39
STL,NL,2012,765,648,88,0.34,0.42,0.27,1,6.00,3.00,162,0.31,0.39
TBR,AL,2012,697,577,90,0.32,0.39,0.24,0,NaN,NaN,162,0.29,0.35
TEX,AL,2012,808,707,93,0.33,0.45,0.27,1,5.00,5.00,162,0.31,0.41
TOR,AL,2012,716,784,73,0.31,0.41,0.24,0,NaN,NaN,162,0.34,0.44
WSN,NL,2012,731,594,98,0.32,0.43,0.26,1,1.00,4.00,162,0.30,0.37
ARI,NL,2011,731,662,94,0.32,0.41,0.25,1,5.00,4.00,162,0.32,0.41
ATL,NL,2011,641,605,89,0.31,0.39,0.24,0,NaN,NaN,162,0.31,0.36
BAL,AL,2011,708,860,69,0.32,0.41,0.26,0,NaN,NaN,162,0.34,0.46
BOS,AL,2011,875,737,90,0.35,0.46,0.28,0,NaN,NaN,162,0.32,0.39
CHC,NL,2011,654,756,71,0.31,0.40,0.26,0,NaN,NaN,162,0.34,0.41
CHW,AL,2011,654,706,79,0.32,0.39,0.25,0,NaN,NaN,162,0.32,0.40
CIN,NL,2011,735,720,79,0.33,0.41,0.26,0,NaN,NaN,162,0.33,0.41
CLE,AL,2011,704,760,80,0.32,0.40,0.25,0,NaN,NaN,162,0.32,0.41
COL,NL,2011,735,774,73,0.33,0.41,0.26,0,NaN,NaN,162,0.33,0.43
DET,AL,2011,787,711,95,0.34,0.43,0.28,1,4.00,3.00,162,0.32,0.40
FLA,NL,2011,625,702,72,0.32,0.39,0.25,0,NaN,NaN,162,0.32,0.40
HOU,NL,2011,615,796,56,0.31,0.37,0.26,0,NaN,NaN,162,0.34,0.43
KCR,AL,2011,730,762,71,0.33,0.41,0.28,0,NaN,NaN,162,0.34,0.42
LAA,AL,2011,667,633,86,0.31,0.40,0.25,0,NaN,NaN,162,0.31,0.39
LAD,NL,2011,644,612,82,0.32,0.38,0.26,0,NaN,NaN,161,0.31,0.37
MIL,NL,2011,721,638,96,0.33,0.42,0.26,1,3.00,3.00,162,0.30,0.39
MIN,AL,2011,619,804,63,0.31,0.36,0.25,0,NaN,NaN,162,0.34,0.43
NYM,NL,2011,718,742,77,0.34,0.39,0.26,0,NaN,NaN,162,0.33,0.41
NYY,AL,2011,867,657,97,0.34,0.44,0.26,1,2.00,4.00,162,0.32,0.40
OAK,AL,2011,645,679,74,0.31,0.37,0.24,0,NaN,NaN,162,0.32,0.38
PHI,NL,2011,713,529,102,0.32,0.40,0.25,1,1.00,4.00,162,0.30,0.36
PIT,NL,2011,610,712,72,0.31,0.37,0.24,0,NaN,NaN,162,0.34,0.41
SDP,NL,2011,593,611,71,0.30,0.35,0.24,0,NaN,NaN,162,0.31,0.38
SEA,AL,2011,556,675,67,0.29,0.35,0.23,0,NaN,NaN,162,0.31,0.39
SFG,NL,2011,570,578,86,0.30,0.37,0.24,0,NaN,NaN,162,0.31,0.35
STL,NL,2011,762,692,90,0.34,0.42,0.27,1,7.00,1.00,162,0.32,0.40
TBR,AL,2011,707,614,91,0.32,0.40,0.24,1,6.00,4.00,162,0.30,0.38
TEX,AL,2011,855,677,96,0.34,0.46,0.28,1,3.00,2.00,162,0.31,0.39
TOR,AL,2011,743,761,81,0.32,0.41,0.25,0,NaN,NaN,162,0.33,0.42
WSN,NL,2011,624,643,80,0.31,0.38,0.24,0,NaN,NaN,161,0.32,0.38
ARI,NL,2010,713,836,65,0.33,0.42,0.25,0,NaN,NaN,162,0.34,0.45
ATL,NL,2010,738,629,91,0.34,0.40,0.26,1,6.00,4.00,162,0.31,0.38
BAL,AL,2010,613,785,66,0.32,0.39,0.26,0,NaN,NaN,162,0.34,0.43
BOS,AL,2010,818,744,89,0.34,0.45,0.27,0,NaN,NaN,162,0.33,0.40
CHC,NL,2010,685,767,75,0.32,0.40,0.26,0,NaN,NaN,162,0.33,0.40
CHW,AL,2010,752,704,88,0.33,0.42,0.27,0,NaN,NaN,162,0.33,0.40
CIN,NL,2010,790,685,91,0.34,0.44,0.27,1,6.00,4.00,162,0.32,0.40
CLE,AL,2010,646,752,69,0.32,0.38,0.25,0,NaN,NaN,162,0.34,0.42
COL,NL,2010,770,717,83,0.34,0.42,0.26,0,NaN,NaN,162,0.33,0.40
DET,AL,2010,751,743,81,0.34,0.41,0.27,0,NaN,NaN,162,0.33,0.40
FLA,NL,2010,719,717,80,0.32,0.40,0.25,0,NaN,NaN,162,0.33,0.40
HOU,NL,2010,611,729,76,0.30,0.36,0.25,0,NaN,NaN,162,0.33,0.40
KCR,AL,2010,676,845,67,0.33,0.40,0.27,0,NaN,NaN,162,0.34,0.43
LAA,AL,2010,681,702,80,0.31,0.39,0.25,0,NaN,NaN,162,0.33,0.40
LAD,NL,2010,667,692,80,0.32,0.38,0.25,0,NaN,NaN,162,0.32,0.38
MIL,NL,2010,750,804,77,0.34,0.42,0.26,0,NaN,NaN,162,0.34,0.43
MIN,AL,2010,781,671,94,0.34,0.42,0.27,1,4.00,4.00,162,0.32,0.42
NYM,NL,2010,656,652,79,0.31,0.38,0.25,0,NaN,NaN,162,0.33,0.39
NYY,AL,2010,859,693,95,0.35,0.44,0.27,1,3.00,3.00,162,0.32,0.40
OAK,AL,2010,663,626,81,0.32,0.38,0.26,0,NaN,NaN,162,0.31,0.38
PHI,NL,2010,772,640,97,0.33,0.41,0.26,1,1.00,3.00,162,0.31,0.41
PIT,NL,2010,587,866,57,0.30,0.37,0.24,0,NaN,NaN,162,0.35,0.45
SDP,NL,2010,665,581,90,0.32,0.37,0.25,0,NaN,NaN,162,0.31,0.37
SEA,AL,2010,513,698,61,0.30,0.34,0.24,0,NaN,NaN,162,0.31,0.40
SFG,NL,2010,697,583,92,0.32,0.41,0.26,1,5.00,1.00,162,0.31,0.37
STL,NL,2010,736,641,86,0.33,0.40,0.26,0,NaN,NaN,162,0.32,0.39
TBR,AL,2010,802,649,96,0.33,0.40,0.25,1,2.00,4.00,162,0.31,0.40
TEX,AL,2010,787,687,90,0.34,0.42,0.28,1,7.00,2.00,162,0.32,0.39
TOR,AL,2010,755,728,85,0.31,0.45,0.25,0,NaN,NaN,162,0.33,0.41
WSN,NL,2010,655,742,69,0.32,0.39,0.25,0,NaN,NaN,162,0.33,0.41
ARI,NL,2009,720,782,70,0.32,0.42,0.25,0,NaN,NaN,162,0.33,0.42
ATL,NL,2009,735,641,86,0.34,0.41,0.26,0,NaN,NaN,162,0.32,0.39
BAL,AL,2009,741,876,64,0.33,0.41,0.27,0,NaN,NaN,162,0.35,0.48
BOS,AL,2009,872,736,95,0.35,0.45,0.27,1,3.00,4.00,162,0.34,0.42
CHC,NL,2009,707,672,83,0.33,0.41,0.26,0,NaN,NaN,161,0.32,0.39
CHW,AL,2009,724,732,79,0.33,0.41,0.26,0,NaN,NaN,162,0.33,0.41
CIN,NL,2009,673,723,78,0.32,0.39,0.25,0,NaN,NaN,162,0.33,0.42
CLE,AL,2009,773,865,65,0.34,0.42,0.26,0,NaN,NaN,162,0.35,0.44
COL,NL,2009,804,715,92,0.34,0.44,0.26,1,5.00,4.00,162,0.33,0.41
DET,AL,2009,743,745,86,0.33,0.42,0.26,0,NaN,NaN,163,0.34,0.42
FLA,NL,2009,772,766,87,0.34,0.42,0.27,0,NaN,NaN,162,0.33,0.41
HOU,NL,2009,643,770,74,0.32,0.40,0.26,0,NaN,NaN,162,0.34,0.44
KCR,AL,2009,686,842,65,0.32,0.41,0.26,0,NaN,NaN,162,0.34,0.42
LAA,AL,2009,883,761,97,0.35,0.44,0.28,1,2.00,3.00,162,0.34,0.43
LAD,NL,2009,780,611,95,0.35,0.41,0.27,1,3.00,3.00,162,0.31,0.36
MIL,NL,2009,785,818,80,0.34,0.43,0.26,0,NaN,NaN,162,0.34,0.45
MIN,AL,2009,817,765,87,0.34,0.43,0.27,1,7.00,4.00,163,0.33,0.43
NYM,NL,2009,671,757,70,0.34,0.39,0.27,0,NaN,NaN,162,0.34,0.42
NYY,AL,2009,915,753,103,0.36,0.48,0.28,1,1.00,1.00,162,0.33,0.41
OAK,AL,2009,759,761,75,0.33,0.40,0.26,0,NaN,NaN,162,0.33,0.41
PHI,NL,2009,820,709,93,0.33,0.45,0.26,1,4.00,2.00,162,0.33,0.43
PIT,NL,2009,636,768,62,0.32,0.39,0.25,0,NaN,NaN,161,0.35,0.44
SDP,NL,2009,638,769,75,0.32,0.38,0.24,0,NaN,NaN,162,0.33,0.41
SEA,AL,2009,640,692,85,0.31,0.40,0.26,0,NaN,NaN,162,0.32,0.39
SFG,NL,2009,657,611,88,0.31,0.39,0.26,0,NaN,NaN,162,0.31,0.37
STL,NL,2009,730,640,91,0.33,0.41,0.26,1,6.00,4.00,162,0.32,0.39
TBR,AL,2009,803,754,84,0.34,0.44,0.26,0,NaN,NaN,162,0.32,0.42
TEX,AL,2009,784,740,87,0.32,0.45,0.26,0,NaN,NaN,162,0.33,0.42
TOR,AL,2009,798,771,75,0.33,0.44,0.27,0,NaN,NaN,162,0.34,0.43
WSN,NL,2009,710,874,59,0.34,0.41,0.26,0,NaN,NaN,162,0.35,0.45
ARI,NL,2008,720,706,82,0.33,0.41,0.25,0,NaN,NaN,162,0.32,0.40
ATL,NL,2008,753,778,72,0.34,0.41,0.27,0,NaN,NaN,162,0.34,0.42
BAL,AL,2008,782,869,68,0.33,0.43,0.27,0,NaN,NaN,161,0.36,0.43
BOS,AL,2008,845,694,95,0.36,0.45,0.28,1,3.00,3.00,162,0.32,0.39
CHC,NL,2008,855,671,97,0.35,0.44,0.28,1,2.00,4.00,161,0.32,0.40
CHW,AL,2008,811,729,89,0.33,0.45,0.26,1,6.00,4.00,163,0.32,0.41
CIN,NL,2008,704,800,74,0.32,0.41,0.25,0,NaN,NaN,162,0.34,0.45
CLE,AL,2008,805,761,81,0.34,0.42,0.26,0,NaN,NaN,162,0.33,0.42
COL,NL,2008,747,822,74,0.34,0.41,0.26,0,NaN,NaN,162,0.34,0.43
DET,AL,2008,821,857,74,0.34,0.44,0.27,0,NaN,NaN,162,0.35,0.44
FLA,NL,2008,770,767,84,0.33,0.43,0.25,0,NaN,NaN,161,0.33,0.41
HOU,NL,2008,712,743,86,0.32,0.41,0.26,0,NaN,NaN,161,0.33,0.44
KCR,AL,2008,691,781,75,0.32,0.40,0.27,0,NaN,NaN,162,0.33,0.41
LAA,AL,2008,765,697,100,0.33,0.41,0.27,1,1.00,4.00,162,0.32,0.41
LAD,NL,2008,700,648,84,0.33,0.40,0.26,1,7.00,3.00,162,0.32,0.38
MIL,NL,2008,750,689,90,0.33,0.43,0.25,1,5.00,4.00,162,0.32,0.41
MIN,AL,2008,829,745,88,0.34,0.41,0.28,0,NaN,NaN,163,0.32,0.43
NYM,NL,2008,799,715,89,0.34,0.42,0.27,0,NaN,NaN,162,0.33,0.40
NYY,AL,2008,789,727,89,0.34,0.43,0.27,0,NaN,NaN,162,0.33,0.41
OAK,AL,2008,646,690,75,0.32,0.37,0.24,0,NaN,NaN,161,0.33,0.39
PHI,NL,2008,799,680,92,0.33,0.44,0.26,1,4.00,1.00,162,0.33,0.41
PIT,NL,2008,735,884,67,0.32,0.40,0.26,0,NaN,NaN,162,0.36,0.45
SDP,NL,2008,637,764,63,0.32,0.39,0.25,0,NaN,NaN,162,0.33,0.41
SEA,AL,2008,671,811,61,0.32,0.39,0.27,0,NaN,NaN,162,0.35,0.43
SFG,NL,2008,640,759,72,0.32,0.38,0.26,0,NaN,NaN,162,0.34,0.40
STL,NL,2008,779,725,86,0.35,0.43,0.28,0,NaN,NaN,162,0.33,0.43
TBR,AL,2008,774,671,97,0.34,0.42,0.26,1,2.00,2.00,162,0.31,0.40
TEX,AL,2008,901,967,79,0.35,0.46,0.28,0,NaN,NaN,162,0.36,0.46
TOR,AL,2008,714,610,86,0.33,0.40,0.26,0,NaN,NaN,162,0.31,0.38
WSN,NL,2008,641,825,59,0.32,0.37,0.25,0,NaN,NaN,161,0.34,0.44
ARI,NL,2007,712,732,90,0.32,0.41,0.25,1,3.00,3.00,162,0.33,0.42
ATL,NL,2007,810,733,84,0.34,0.43,0.28,0,NaN,NaN,162,0.33,0.41
BAL,AL,2007,756,868,69,0.33,0.41,0.27,0,NaN,NaN,162,0.35,0.41
BOS,AL,2007,867,657,96,0.36,0.44,0.28,1,1.00,1.00,162,0.31,0.39
CHC,NL,2007,752,690,85,0.33,0.42,0.27,1,5.00,4.00,162,0.32,0.40
CHW,AL,2007,693,839,72,0.32,0.40,0.25,0,NaN,NaN,162,0.34,0.43
CIN,NL,2007,783,853,72,0.34,0.44,0.27,0,NaN,NaN,162,0.34,0.46
CLE,AL,2007,811,704,96,0.34,0.43,0.27,1,1.00,3.00,162,0.32,0.41
COL,NL,2007,860,758,90,0.35,0.44,0.28,1,3.00,2.00,163,0.33,0.42
DET,AL,2007,887,797,88,0.34,0.46,0.29,0,NaN,NaN,162,0.34,0.43
FLA,NL,2007,790,891,71,0.34,0.45,0.27,0,NaN,NaN,162,0.36,0.44
HOU,NL,2007,723,813,73,0.33,0.41,0.26,0,NaN,NaN,162,0.34,0.45
KCR,AL,2007,706,778,69,0.32,0.39,0.26,0,NaN,NaN,162,0.34,0.45
LAA,AL,2007,822,731,94,0.34,0.42,0.28,1,2.00,4.00,162,0.33,0.41
LAD,NL,2007,735,727,82,0.34,0.41,0.28,0,NaN,NaN,162,0.33,0.40
MIL,NL,2007,801,776,83,0.33,0.46,0.26,0,NaN,NaN,162,0.33,0.42
MIN,AL,2007,718,725,79,0.33,0.39,0.26,0,NaN,NaN,162,0.32,0.43
NYM,NL,2007,804,750,88,0.34,0.43,0.28,0,NaN,NaN,162,0.33,0.41
NYY,AL,2007,968,777,94,0.37,0.46,0.29,1,2.00,4.00,162,0.34,0.42
OAK,AL,2007,741,758,76,0.34,0.41,0.26,0,NaN,NaN,162,0.33,0.40
PHI,NL,2007,892,821,89,0.35,0.46,0.27,1,4.00,4.00,162,0.35,0.45
PIT,NL,2007,724,846,68,0.33,0.41,0.26,0,NaN,NaN,162,0.35,0.45
SDP,NL,2007,741,666,89,0.32,0.41,0.25,0,NaN,NaN,163,0.31,0.37
SEA,AL,2007,794,813,88,0.34,0.42,0.29,0,NaN,NaN,162,0.35,0.43
SFG,NL,2007,683,720,71,0.32,0.39,0.25,0,NaN,NaN,162,0.33,0.41
STL,NL,2007,725,829,78,0.34,0.41,0.27,0,NaN,NaN,162,0.34,0.43
TBD,AL,2007,782,944,66,0.34,0.43,0.27,0,NaN,NaN,162,0.36,0.47
TEX,AL,2007,816,844,75,0.33,0.43,0.26,0,NaN,NaN,162,0.36,0.42
TOR,AL,2007,753,699,83,0.33,0.42,0.26,0,NaN,NaN,162,0.32,0.39
WSN,NL,2007,673,783,73,0.33,0.39,0.26,0,NaN,NaN,162,0.34,0.43
ARI,NL,2006,773,788,76,0.33,0.42,0.27,0,NaN,NaN,162,0.34,0.43
ATL,NL,2006,849,805,79,0.34,0.46,0.27,0,NaN,NaN,162,0.34,0.44
BAL,AL,2006,768,899,70,0.34,0.42,0.28,0,NaN,NaN,162,0.36,0.46
BOS,AL,2006,820,825,86,0.35,0.43,0.27,0,NaN,NaN,162,0.34,0.45
CHC,NL,2006,716,834,66,0.32,0.42,0.27,0,NaN,NaN,162,0.34,0.43
CHW,AL,2006,868,794,90,0.34,0.46,0.28,0,NaN,NaN,162,0.33,0.44
CIN,NL,2006,749,801,80,0.34,0.43,0.26,0,NaN,NaN,162,0.34,0.46
CLE,AL,2006,870,782,78,0.35,0.46,0.28,0,NaN,NaN,162,0.34,0.43
COL,NL,2006,813,812,76,0.34,0.43,0.27,0,NaN,NaN,162,0.35,0.44
DET,AL,2006,822,675,95,0.33,0.45,0.27,1,3.00,2.00,162,0.32,0.41
FLA,NL,2006,758,772,78,0.33,0.43,0.26,0,NaN,NaN,162,0.35,0.42
HOU,NL,2006,735,719,82,0.33,0.41,0.26,0,NaN,NaN,162,0.32,0.42
KCR,AL,2006,757,971,62,0.33,0.41,0.27,0,NaN,NaN,162,0.37,0.48
LAA,AL,2006,766,732,89,0.33,0.42,0.27,0,NaN,NaN,162,0.32,0.40
LAD,NL,2006,820,751,88,0.35,0.43,0.28,1,5.00,4.00,162,0.33,0.42
MIL,NL,2006,730,833,75,0.33,0.42,0.26,0,NaN,NaN,162,0.33,0.44
MIN,AL,2006,801,683,96,0.35,0.42,0.29,1,2.00,4.00,162,0.31,0.42
NYM,NL,2006,834,731,97,0.33,0.45,0.26,1,1.00,3.00,162,0.32,0.41
NYY,AL,2006,930,767,97,0.36,0.46,0.28,1,1.00,4.00,162,0.33,0.41
OAK,AL,2006,771,727,93,0.34,0.41,0.26,1,4.00,3.00,162,0.34,0.42
PHI,NL,2006,865,812,85,0.35,0.45,0.27,0,NaN,NaN,162,0.34,0.46
PIT,NL,2006,691,797,67,0.33,0.40,0.26,0,NaN,NaN,162,0.36,0.43
SDP,NL,2006,731,679,88,0.33,0.42,0.26,1,5.00,4.00,162,0.31,0.40
SEA,AL,2006,756,792,78,0.33,0.42,0.27,0,NaN,NaN,162,0.34,0.43
SFG,NL,2006,746,790,76,0.32,0.42,0.26,0,NaN,NaN,161,0.34,0.41
STL,NL,2006,781,762,83,0.34,0.43,0.27,1,6.00,1.00,161,0.34,0.44
TBD,AL,2006,689,856,61,0.31,0.42,0.26,0,NaN,NaN,162,0.36,0.45
TEX,AL,2006,835,784,80,0.34,0.45,0.28,0,NaN,NaN,162,0.34,0.42
TOR,AL,2006,809,754,87,0.35,0.46,0.28,0,NaN,NaN,162,0.33,0.42
WSN,NL,2006,746,872,71,0.34,0.42,0.26,0,NaN,NaN,162,0.35,0.45
ARI,NL,2005,696,856,77,0.33,0.42,0.26,0,NaN,NaN,162,0.34,0.46
ATL,NL,2005,769,674,90,0.33,0.43,0.27,1,4.00,4.00,162,0.33,0.41
BAL,AL,2005,729,800,74,0.33,0.43,0.27,0,NaN,NaN,162,0.34,0.42
BOS,AL,2005,910,805,95,0.36,0.45,0.28,1,3.00,4.00,162,0.34,0.44
CHC,NL,2005,703,714,79,0.32,0.44,0.27,0,NaN,NaN,162,0.33,0.41
CHW,AL,2005,741,645,99,0.32,0.42,0.26,1,2.00,1.00,162,0.31,0.40
CIN,NL,2005,820,889,73,0.34,0.45,0.26,0,NaN,NaN,163,0.35,0.48
CLE,AL,2005,790,642,93,0.33,0.45,0.27,0,NaN,NaN,162,0.30,0.39
COL,NL,2005,740,862,67,0.33,0.41,0.27,0,NaN,NaN,162,0.36,0.46
DET,AL,2005,723,787,71,0.32,0.43,0.27,0,NaN,NaN,162,0.33,0.44
FLA,NL,2005,717,732,83,0.34,0.41,0.27,0,NaN,NaN,162,0.34,0.40
HOU,NL,2005,693,609,89,0.32,0.41,0.26,1,5.00,2.00,163,0.31,0.39
KCR,AL,2005,701,935,56,0.32,0.40,0.26,0,NaN,NaN,162,0.36,0.46
LAA,AL,2005,761,643,95,0.33,0.41,0.27,1,3.00,3.00,162,0.31,0.40
LAD,NL,2005,685,755,71,0.33,0.40,0.25,0,NaN,NaN,162,0.33,0.43
MIL,NL,2005,726,697,81,0.33,0.42,0.26,0,NaN,NaN,162,0.32,0.41
MIN,AL,2005,688,662,83,0.32,0.39,0.26,0,NaN,NaN,162,0.31,0.41
NYM,NL,2005,722,648,83,0.32,0.42,0.26,0,NaN,NaN,162,0.32,0.39
NYY,AL,2005,886,789,95,0.35,0.45,0.28,1,3.00,4.00,162,0.33,0.42
OAK,AL,2005,772,658,88,0.33,0.41,0.26,0,NaN,NaN,162,0.31,0.38
PHI,NL,2005,807,726,88,0.35,0.42,0.27,0,NaN,NaN,162,0.32,0.43
PIT,NL,2005,680,769,67,0.32,0.40,0.26,0,NaN,NaN,162,0.34,0.42
SDP,NL,2005,684,726,82,0.33,0.39,0.26,1,6.00,4.00,162,0.32,0.41
SEA,AL,2005,699,751,69,0.32,0.39,0.26,0,NaN,NaN,162,0.33,0.42
SFG,NL,2005,649,745,75,0.32,0.40,0.26,0,NaN,NaN,162,0.34,0.41
STL,NL,2005,805,634,100,0.34,0.42,0.27,1,1.00,3.00,162,0.32,0.40
TBD,AL,2005,750,936,67,0.33,0.42,0.27,0,NaN,NaN,162,0.35,0.46
TEX,AL,2005,865,858,79,0.33,0.47,0.27,0,NaN,NaN,162,0.34,0.43
TOR,AL,2005,775,705,80,0.33,0.41,0.27,0,NaN,NaN,162,0.32,0.42
WSN,NL,2005,639,673,81,0.32,0.39,0.25,0,NaN,NaN,162,0.33,0.40
ANA,AL,2004,836,734,92,0.34,0.43,0.28,1,6.00,4.00,162,0.33,0.41
ARI,NL,2004,615,899,51,0.31,0.39,0.25,0,NaN,NaN,162,0.35,0.44
ATL,NL,2004,803,668,96,0.34,0.43,0.27,1,4.00,4.00,162,0.33,0.40
BAL,AL,2004,842,830,78,0.34,0.43,0.28,0,NaN,NaN,162,0.35,0.40
BOS,AL,2004,949,768,98,0.36,0.47,0.28,1,3.00,1.00,162,0.32,0.41
CHC,NL,2004,789,665,89,0.33,0.46,0.27,0,NaN,NaN,162,0.32,0.40
CHW,AL,2004,865,831,83,0.33,0.46,0.27,0,NaN,NaN,162,0.34,0.45
CIN,NL,2004,750,907,76,0.33,0.42,0.25,0,NaN,NaN,162,0.35,0.48
CLE,AL,2004,858,857,80,0.35,0.44,0.28,0,NaN,NaN,162,0.34,0.45
COL,NL,2004,833,923,68,0.34,0.46,0.28,0,NaN,NaN,162,0.37,0.47
DET,AL,2004,827,844,72,0.34,0.45,0.27,0,NaN,NaN,162,0.34,0.44
FLA,NL,2004,718,700,83,0.33,0.41,0.26,0,NaN,NaN,162,0.32,0.41
HOU,NL,2004,803,698,92,0.34,0.44,0.27,1,6.00,3.00,162,0.33,0.42
KCR,AL,2004,720,905,58,0.32,0.40,0.26,0,NaN,NaN,162,0.35,0.48
LAD,NL,2004,761,684,93,0.33,0.42,0.26,1,5.00,4.00,162,0.32,0.41
MIL,NL,2004,634,757,67,0.32,0.39,0.25,0,NaN,NaN,161,0.32,0.42
MIN,AL,2004,780,715,92,0.33,0.43,0.27,1,6.00,4.00,162,0.32,0.41
MON,NL,2004,635,769,67,0.31,0.39,0.25,0,NaN,NaN,162,0.34,0.43
NYM,NL,2004,684,731,71,0.32,0.41,0.25,0,NaN,NaN,162,0.34,0.41
NYY,AL,2004,897,808,101,0.35,0.46,0.27,1,2.00,3.00,162,0.33,0.43
OAK,AL,2004,793,742,91,0.34,0.43,0.27,0,NaN,NaN,162,0.33,0.41
PHI,NL,2004,840,781,86,0.34,0.44,0.27,0,NaN,NaN,162,0.33,0.45
PIT,NL,2004,680,744,72,0.32,0.40,0.26,0,NaN,NaN,161,0.34,0.42
SDP,NL,2004,768,705,87,0.34,0.41,0.27,0,NaN,NaN,162,0.32,0.43
SEA,AL,2004,698,823,63,0.33,0.40,0.27,0,NaN,NaN,162,0.34,0.44
SFG,NL,2004,850,770,91,0.36,0.44,0.27,0,NaN,NaN,162,0.33,0.42
STL,NL,2004,855,659,105,0.34,0.46,0.28,1,1.00,2.00,162,0.31,0.40
TBD,AL,2004,714,842,70,0.32,0.41,0.26,0,NaN,NaN,161,0.34,0.44
TEX,AL,2004,860,794,89,0.33,0.46,0.27,0,NaN,NaN,162,0.34,0.43
TOR,AL,2004,719,823,67,0.33,0.40,0.26,0,NaN,NaN,161,0.35,0.43
ANA,AL,2003,736,743,77,0.33,0.41,0.27,0,NaN,NaN,162,0.33,0.42
ARI,NL,2003,717,685,84,0.33,0.42,0.26,0,NaN,NaN,162,0.32,0.39
ATL,NL,2003,907,740,101,0.35,0.47,0.28,1,1.00,4.00,162,0.33,0.40
BAL,AL,2003,743,820,71,0.32,0.41,0.27,0,NaN,NaN,163,0.35,0.45
BOS,AL,2003,961,809,95,0.36,0.49,0.29,1,4.00,3.00,162,0.33,0.41
CHC,NL,2003,724,683,88,0.32,0.42,0.26,1,7.00,3.00,162,0.32,0.37
CHW,AL,2003,791,715,86,0.33,0.45,0.26,0,NaN,NaN,162,0.32,0.40
CIN,NL,2003,694,886,69,0.32,0.40,0.24,0,NaN,NaN,162,0.35,0.46
CLE,AL,2003,699,778,68,0.32,0.40,0.25,0,NaN,NaN,162,0.33,0.43
COL,NL,2003,853,892,74,0.34,0.45,0.27,0,NaN,NaN,162,0.36,0.47
DET,AL,2003,591,928,43,0.30,0.38,0.24,0,NaN,NaN,162,0.35,0.46
FLA,NL,2003,751,692,91,0.33,0.42,0.27,1,5.00,1.00,162,0.33,0.40
HOU,NL,2003,805,677,87,0.34,0.43,0.26,0,NaN,NaN,162,0.33,0.40
KCR,AL,2003,836,867,83,0.34,0.43,0.27,0,NaN,NaN,162,0.35,0.45
LAD,NL,2003,574,556,85,0.30,0.37,0.24,0,NaN,NaN,162,0.31,0.35
MIL,NL,2003,714,873,68,0.33,0.42,0.26,0,NaN,NaN,162,0.35,0.46
MIN,AL,2003,801,758,90,0.34,0.43,0.28,1,6.00,4.00,162,0.32,0.43
MON,NL,2003,711,716,83,0.33,0.40,0.26,0,NaN,NaN,162,0.33,0.42
NYM,NL,2003,642,754,66,0.31,0.37,0.25,0,NaN,NaN,161,0.34,0.44
NYY,AL,2003,877,716,101,0.36,0.45,0.27,1,1.00,2.00,163,0.31,0.41
OAK,AL,2003,768,643,96,0.33,0.42,0.25,1,3.00,4.00,162,0.31,0.38
PHI,NL,2003,791,697,86,0.34,0.42,0.26,0,NaN,NaN,162,0.33,0.40
PIT,NL,2003,753,801,75,0.34,0.42,0.27,0,NaN,NaN,162,0.34,0.43
SDP,NL,2003,678,831,64,0.33,0.39,0.26,0,NaN,NaN,162,0.34,0.44
SEA,AL,2003,795,637,93,0.34,0.41,0.27,0,NaN,NaN,162,0.31,0.39
SFG,NL,2003,755,638,100,0.34,0.42,0.26,1,2.00,4.00,161,0.32,0.39
STL,NL,2003,876,796,85,0.35,0.45,0.28,0,NaN,NaN,162,0.34,0.45
TBD,AL,2003,715,852,63,0.32,0.40,0.27,0,NaN,NaN,162,0.35,0.44
TEX,AL,2003,826,969,71,0.33,0.45,0.27,0,NaN,NaN,162,0.36,0.47
TOR,AL,2003,894,826,86,0.35,0.46,0.28,0,NaN,NaN,162,0.34,0.44
ANA,AL,2002,851,644,99,0.34,0.43,0.28,1,3.00,1.00,162,0.31,0.39
ARI,NL,2002,819,674,98,0.35,0.42,0.27,1,4.00,4.00,162,0.30,0.40
ATL,NL,2002,708,565,101,0.33,0.41,0.26,1,2.00,4.00,161,0.31,0.36
BAL,AL,2002,667,773,67,0.31,0.40,0.25,0,NaN,NaN,162,0.34,0.43
BOS,AL,2002,859,665,93,0.34,0.44,0.28,0,NaN,NaN,162,0.31,0.39
CHC,NL,2002,706,759,67,0.32,0.41,0.25,0,NaN,NaN,162,0.33,0.41
CHW,AL,2002,856,798,81,0.34,0.45,0.27,0,NaN,NaN,162,0.33,0.42
CIN,NL,2002,709,774,78,0.33,0.41,0.25,0,NaN,NaN,162,0.34,0.43
CLE,AL,2002,739,837,74,0.32,0.41,0.25,0,NaN,NaN,162,0.35,0.42
COL,NL,2002,778,898,73,0.34,0.42,0.27,0,NaN,NaN,162,0.35,0.47
DET,AL,2002,575,864,55,0.30,0.38,0.25,0,NaN,NaN,161,0.34,0.46
FLA,NL,2002,699,763,79,0.34,0.40,0.26,0,NaN,NaN,162,0.34,0.41
HOU,NL,2002,749,695,84,0.34,0.42,0.26,0,NaN,NaN,162,0.33,0.41
KCR,AL,2002,737,891,62,0.32,0.40,0.26,0,NaN,NaN,162,0.35,0.46
LAD,NL,2002,713,643,92,0.32,0.41,0.26,0,NaN,NaN,162,0.32,0.39
MIL,NL,2002,627,821,56,0.32,0.39,0.25,0,NaN,NaN,162,0.35,0.44
MIN,AL,2002,768,712,94,0.33,0.44,0.27,1,7.00,3.00,161,0.32,0.42
MON,NL,2002,735,718,83,0.33,0.42,0.26,0,NaN,NaN,162,0.33,0.42
NYM,NL,2002,690,703,75,0.32,0.40,0.26,0,NaN,NaN,161,0.33,0.40
NYY,AL,2002,897,697,103,0.35,0.46,0.28,1,1.00,4.00,161,0.31,0.40
OAK,AL,2002,800,654,103,0.34,0.43,0.26,1,1.00,4.00,162,0.32,0.38
PHI,NL,2002,710,724,80,0.34,0.42,0.26,0,NaN,NaN,161,0.33,0.40
PIT,NL,2002,641,730,72,0.32,0.38,0.24,0,NaN,NaN,161,0.34,0.42
SDP,NL,2002,662,815,66,0.32,0.38,0.25,0,NaN,NaN,162,0.35,0.44
SEA,AL,2002,814,699,93,0.35,0.42,0.28,0,NaN,NaN,162,0.32,0.41
SFG,NL,2002,783,616,95,0.34,0.44,0.27,1,6.00,2.00,162,0.32,0.37
STL,NL,2002,787,648,97,0.34,0.42,0.27,1,5.00,3.00,162,0.32,0.39
TBD,AL,2002,673,918,55,0.31,0.39,0.25,0,NaN,NaN,161,0.36,0.46
TEX,AL,2002,843,882,72,0.34,0.46,0.27,0,NaN,NaN,162,0.35,0.45
TOR,AL,2002,813,828,78,0.33,0.43,0.26,0,NaN,NaN,162,0.34,0.43
ANA,AL,2001,691,730,75,0.33,0.41,0.26,0,NaN,NaN,162,0.33,0.41
ARI,NL,2001,818,677,92,0.34,0.44,0.27,1,5.00,1.00,162,0.31,0.40
ATL,NL,2001,729,643,88,0.32,0.41,0.26,1,7.00,3.00,162,0.31,0.38
BAL,AL,2001,687,829,63,0.32,0.38,0.25,0,NaN,NaN,162,0.34,0.44
BOS,AL,2001,772,745,82,0.33,0.44,0.27,0,NaN,NaN,161,0.33,0.39
CHC,NL,2001,777,701,88,0.34,0.43,0.26,0,NaN,NaN,162,0.32,0.40
CHW,AL,2001,798,795,83,0.33,0.45,0.27,0,NaN,NaN,162,0.33,0.43
CIN,NL,2001,735,850,66,0.32,0.42,0.26,0,NaN,NaN,162,0.34,0.46
CLE,AL,2001,897,821,91,0.35,0.46,0.28,1,6.00,4.00,162,0.34,0.42
COL,NL,2001,923,906,73,0.35,0.48,0.29,0,NaN,NaN,162,0.35,0.48
DET,AL,2001,724,876,66,0.32,0.41,0.26,0,NaN,NaN,162,0.36,0.46
FLA,NL,2001,742,744,76,0.33,0.42,0.26,0,NaN,NaN,162,0.34,0.41
HOU,NL,2001,847,769,93,0.35,0.45,0.27,1,4.00,4.00,162,0.33,0.44
KCR,AL,2001,729,858,65,0.32,0.41,0.27,0,NaN,NaN,162,0.35,0.45
LAD,NL,2001,758,744,86,0.32,0.42,0.26,0,NaN,NaN,162,0.32,0.41
MIL,NL,2001,740,806,68,0.32,0.43,0.25,0,NaN,NaN,162,0.35,0.44
MIN,AL,2001,771,766,85,0.34,0.43,0.27,0,NaN,NaN,162,0.33,0.44
MON,NL,2001,670,812,68,0.32,0.40,0.25,0,NaN,NaN,162,0.34,0.44
NYM,NL,2001,642,713,82,0.32,0.39,0.25,0,NaN,NaN,162,0.31,0.42
NYY,AL,2001,804,713,95,0.33,0.43,0.27,1,3.00,2.00,161,0.32,0.40
OAK,AL,2001,884,645,102,0.34,0.44,0.26,1,2.00,4.00,162,0.31,0.38
PHI,NL,2001,746,719,86,0.33,0.41,0.26,0,NaN,NaN,162,0.33,0.42
PIT,NL,2001,657,858,62,0.31,0.39,0.25,0,NaN,NaN,162,0.34,0.43
SDP,NL,2001,789,812,79,0.34,0.40,0.25,0,NaN,NaN,162,0.33,0.45
SEA,AL,2001,927,627,116,0.36,0.45,0.29,1,1.00,3.00,162,0.30,0.38
SFG,NL,2001,799,748,90,0.34,0.46,0.27,0,NaN,NaN,162,0.33,0.40
STL,NL,2001,814,684,93,0.34,0.44,0.27,1,4.00,4.00,162,0.33,0.43
TBD,AL,2001,672,887,62,0.32,0.39,0.26,0,NaN,NaN,162,0.34,0.45
TEX,AL,2001,890,968,73,0.34,0.47,0.28,0,NaN,NaN,162,0.36,0.49
TOR,AL,2001,767,753,80,0.33,0.43,0.26,0,NaN,NaN,162,0.34,0.43
ANA,AL,2000,864,869,82,0.35,0.47,0.28,0,NaN,NaN,162,0.35,0.45
ARI,NL,2000,792,754,85,0.33,0.43,0.27,0,NaN,NaN,162,0.33,0.42
ATL,NL,2000,810,714,95,0.35,0.43,0.27,1,2.00,4.00,162,0.32,0.40
BAL,AL,2000,794,913,74,0.34,0.43,0.27,0,NaN,NaN,162,0.35,0.45
BOS,AL,2000,792,745,85,0.34,0.42,0.27,0,NaN,NaN,162,0.32,0.41
CHC,NL,2000,764,904,65,0.34,0.41,0.26,0,NaN,NaN,162,0.35,0.45
CHW,AL,2000,978,839,95,0.36,0.47,0.29,1,2.00,4.00,162,0.35,0.43
CIN,NL,2000,825,765,85,0.34,0.45,0.27,0,NaN,NaN,163,0.34,0.44
CLE,AL,2000,950,816,90,0.37,0.47,0.29,0,NaN,NaN,162,0.35,0.42
COL,NL,2000,968,897,82,0.36,0.46,0.29,0,NaN,NaN,162,0.35,0.47
DET,AL,2000,823,827,79,0.34,0.44,0.28,0,NaN,NaN,162,0.34,0.44
FLA,NL,2000,731,797,79,0.33,0.41,0.26,0,NaN,NaN,161,0.35,0.43
HOU,NL,2000,938,944,72,0.36,0.48,0.28,0,NaN,NaN,162,0.35,0.48
KCR,AL,2000,879,930,77,0.35,0.42,0.29,0,NaN,NaN,162,0.36,0.47
LAD,NL,2000,798,729,86,0.34,0.43,0.26,0,NaN,NaN,162,0.33,0.41
MIL,NL,2000,740,826,73,0.33,0.40,0.25,0,NaN,NaN,163,0.36,0.42
MIN,AL,2000,748,880,69,0.34,0.41,0.27,0,NaN,NaN,162,0.35,0.47
MON,NL,2000,738,902,67,0.33,0.43,0.27,0,NaN,NaN,162,0.35,0.45
NYM,NL,2000,807,738,94,0.35,0.43,0.26,1,3.00,2.00,162,0.33,0.40
NYY,AL,2000,871,814,87,0.35,0.45,0.28,1,5.00,1.00,161,0.34,0.42
OAK,AL,2000,947,813,91,0.36,0.46,0.27,1,4.00,4.00,161,0.35,0.42
PHI,NL,2000,708,830,65,0.33,0.40,0.25,0,NaN,NaN,162,0.34,0.45
PIT,NL,2000,793,888,69,0.34,0.42,0.27,0,NaN,NaN,162,0.36,0.43
SDP,NL,2000,752,815,76,0.33,0.40,0.25,0,NaN,NaN,162,0.34,0.42
SEA,AL,2000,907,780,91,0.36,0.44,0.27,1,4.00,3.00,162,0.34,0.42
SFG,NL,2000,925,747,97,0.36,0.47,0.28,1,1.00,4.00,162,0.34,0.41
STL,NL,2000,887,771,95,0.36,0.46,0.27,1,2.00,3.00,162,0.34,0.43
TBD,AL,2000,733,842,69,0.33,0.40,0.26,0,NaN,NaN,161,0.34,0.45
TEX,AL,2000,848,974,71,0.35,0.45,0.28,0,NaN,NaN,162,0.37,0.47
TOR,AL,2000,861,908,83,0.34,0.47,0.28,0,NaN,NaN,162,0.35,0.46
ANA,AL,1999,711,826,70,0.32,0.40,0.26,0,NaN,NaN,162,0.35,0.43
ARI,NL,1999,908,676,100,0.35,0.46,0.28,1,2.00,4.00,162,0.32,0.40
ATL,NL,1999,840,661,103,0.34,0.44,0.27,1,1.00,2.00,162,0.31,0.38
BAL,AL,1999,851,815,78,0.35,0.45,0.28,0,NaN,NaN,162,0.35,0.44
BOS,AL,1999,836,718,94,0.35,0.45,0.28,1,6.00,3.00,162,0.32,0.40
CHC,NL,1999,747,920,67,0.33,0.42,0.26,0,NaN,NaN,162,0.35,0.47
CHW,AL,1999,777,870,75,0.34,0.43,0.28,0,NaN,NaN,162,0.35,0.45
CIN,NL,1999,865,711,96,0.34,0.45,0.27,0,NaN,NaN,163,0.32,0.41
CLE,AL,1999,1009,860,97,0.37,0.47,0.29,1,4.00,4.00,162,0.35,0.44
COL,NL,1999,906,1028,72,0.35,0.47,0.29,0,NaN,NaN,162,0.38,0.50
DET,AL,1999,747,882,69,0.33,0.44,0.26,0,NaN,NaN,161,0.35,0.45
FLA,NL,1999,691,852,64,0.33,0.40,0.26,0,NaN,NaN,162,0.36,0.44
HOU,NL,1999,823,675,97,0.35,0.42,0.27,1,4.00,4.00,162,0.33,0.40
KCR,AL,1999,856,921,64,0.35,0.43,0.28,0,NaN,NaN,161,0.36,0.45
LAD,NL,1999,793,787,77,0.34,0.42,0.27,0,NaN,NaN,162,0.34,0.42
MIL,NL,1999,815,886,74,0.35,0.43,0.27,0,NaN,NaN,161,0.36,0.46
MIN,AL,1999,686,845,63,0.33,0.38,0.26,0,NaN,NaN,161,0.34,0.47
MON,NL,1999,718,853,68,0.32,0.43,0.27,0,NaN,NaN,162,0.34,0.42
NYM,NL,1999,853,711,97,0.36,0.43,0.28,1,4.00,3.00,163,0.33,0.42
NYY,AL,1999,900,731,98,0.37,0.45,0.28,1,3.00,1.00,162,0.33,0.40
OAK,AL,1999,893,846,87,0.35,0.45,0.26,0,NaN,NaN,162,0.34,0.43
PHI,NL,1999,841,846,77,0.35,0.43,0.28,0,NaN,NaN,162,0.35,0.45
PIT,NL,1999,775,782,78,0.33,0.42,0.26,0,NaN,NaN,161,0.34,0.42
SDP,NL,1999,710,781,74,0.33,0.39,0.25,0,NaN,NaN,162,0.33,0.43
SEA,AL,1999,859,905,79,0.34,0.46,0.27,0,NaN,NaN,162,0.37,0.45
SFG,NL,1999,872,831,86,0.36,0.43,0.27,0,NaN,NaN,162,0.34,0.42
STL,NL,1999,809,838,75,0.34,0.43,0.26,0,NaN,NaN,161,0.35,0.43
TBD,AL,1999,772,913,69,0.34,0.41,0.27,0,NaN,NaN,162,0.37,0.45
TEX,AL,1999,945,859,95,0.36,0.48,0.29,1,5.00,4.00,162,0.35,0.46
TOR,AL,1999,883,862,84,0.35,0.46,0.28,0,NaN,NaN,162,0.35,0.46
ANA,AL,1998,787,783,85,0.34,0.41,0.27,0,NaN,NaN,162,NaN,NaN
ARI,NL,1998,665,812,65,0.31,0.39,0.25,0,NaN,NaN,162,NaN,NaN
ATL,NL,1998,826,581,106,0.34,0.45,0.27,1,2.00,3.00,162,NaN,NaN
BAL,AL,1998,817,785,79,0.35,0.45,0.27,0,NaN,NaN,162,NaN,NaN
BOS,AL,1998,876,729,92,0.35,0.46,0.28,1,5.00,4.00,162,NaN,NaN
CHC,NL,1998,831,792,90,0.34,0.43,0.26,1,6.00,4.00,163,NaN,NaN
CHW,AL,1998,861,931,80,0.34,0.44,0.27,0,NaN,NaN,163,NaN,NaN
CIN,NL,1998,750,760,77,0.34,0.40,0.26,0,NaN,NaN,162,NaN,NaN
CLE,AL,1998,850,779,89,0.35,0.45,0.27,1,7.00,3.00,162,NaN,NaN
COL,NL,1998,826,855,77,0.35,0.46,0.29,0,NaN,NaN,162,NaN,NaN
DET,AL,1998,722,863,65,0.32,0.41,0.26,0,NaN,NaN,162,NaN,NaN
FLA,NL,1998,667,923,54,0.32,0.37,0.25,0,NaN,NaN,162,NaN,NaN
HOU,NL,1998,874,620,102,0.36,0.44,0.28,1,3.00,4.00,162,NaN,NaN
KCR,AL,1998,714,899,72,0.32,0.40,0.26,0,NaN,NaN,161,NaN,NaN
LAD,NL,1998,669,678,83,0.31,0.39,0.25,0,NaN,NaN,162,NaN,NaN
MIL,NL,1998,707,812,74,0.33,0.40,0.26,0,NaN,NaN,162,NaN,NaN
MIN,AL,1998,734,818,70,0.33,0.39,0.27,0,NaN,NaN,162,NaN,NaN
MON,NL,1998,644,783,65,0.31,0.39,0.25,0,NaN,NaN,162,NaN,NaN
NYM,NL,1998,706,645,88,0.33,0.39,0.26,0,NaN,NaN,162,NaN,NaN
NYY,AL,1998,965,656,114,0.36,0.46,0.29,1,1.00,1.00,162,NaN,NaN
OAK,AL,1998,804,866,74,0.34,0.40,0.26,0,NaN,NaN,162,NaN,NaN
PHI,NL,1998,713,808,75,0.33,0.40,0.26,0,NaN,NaN,162,NaN,NaN
PIT,NL,1998,650,718,69,0.31,0.37,0.25,0,NaN,NaN,163,NaN,NaN
SDP,NL,1998,749,635,98,0.33,0.41,0.25,1,4.00,2.00,162,NaN,NaN
SEA,AL,1998,859,855,76,0.34,0.47,0.28,0,NaN,NaN,161,NaN,NaN
SFG,NL,1998,845,739,89,0.35,0.42,0.27,0,NaN,NaN,163,NaN,NaN
STL,NL,1998,810,782,83,0.34,0.44,0.26,0,NaN,NaN,163,NaN,NaN
TBD,AL,1998,620,751,63,0.32,0.39,0.26,0,NaN,NaN,162,NaN,NaN
TEX,AL,1998,940,871,88,0.36,0.46,0.29,1,8.00,4.00,162,NaN,NaN
TOR,AL,1998,816,768,88,0.34,0.45,0.27,0,NaN,NaN,163,NaN,NaN
ANA,AL,1997,829,794,84,0.35,0.42,0.27,0,NaN,NaN,162,NaN,NaN
ATL,NL,1997,791,581,101,0.34,0.43,0.27,1,1.00,3.00,162,NaN,NaN
BAL,AL,1997,812,681,98,0.34,0.43,0.27,1,2.00,3.00,162,NaN,NaN
BOS,AL,1997,851,857,78,0.35,0.46,0.29,0,NaN,NaN,162,NaN,NaN
CHC,NL,1997,687,759,68,0.32,0.40,0.26,0,NaN,NaN,162,NaN,NaN
CHW,AL,1997,779,833,80,0.34,0.42,0.27,0,NaN,NaN,161,NaN,NaN
CIN,NL,1997,651,764,76,0.32,0.39,0.25,0,NaN,NaN,162,NaN,NaN
CLE,AL,1997,868,815,86,0.36,0.47,0.29,1,6.00,2.00,161,NaN,NaN
COL,NL,1997,923,908,83,0.36,0.48,0.29,0,NaN,NaN,162,NaN,NaN
DET,AL,1997,784,790,79,0.33,0.41,0.26,0,NaN,NaN,162,NaN,NaN
FLA,NL,1997,740,669,92,0.35,0.40,0.26,1,4.00,1.00,162,NaN,NaN
HOU,NL,1997,777,660,84,0.34,0.40,0.26,1,7.00,4.00,162,NaN,NaN
KCR,AL,1997,747,820,67,0.33,0.41,0.26,0,NaN,NaN,161,NaN,NaN
LAD,NL,1997,742,645,88,0.33,0.42,0.27,0,NaN,NaN,162,NaN,NaN
MIL,AL,1997,681,742,78,0.33,0.40,0.26,0,NaN,NaN,161,NaN,NaN
MIN,AL,1997,772,861,68,0.33,0.41,0.27,0,NaN,NaN,162,NaN,NaN
MON,NL,1997,691,740,78,0.32,0.42,0.26,0,NaN,NaN,162,NaN,NaN
NYM,NL,1997,777,709,88,0.33,0.41,0.26,0,NaN,NaN,162,NaN,NaN
NYY,AL,1997,891,688,96,0.36,0.44,0.29,1,3.00,4.00,162,NaN,NaN
OAK,AL,1997,764,946,65,0.34,0.42,0.26,0,NaN,NaN,162,NaN,NaN
PHI,NL,1997,668,840,68,0.32,0.39,0.26,0,NaN,NaN,162,NaN,NaN
PIT,NL,1997,725,760,79,0.33,0.40,0.26,0,NaN,NaN,162,NaN,NaN
SDP,NL,1997,795,891,76,0.34,0.41,0.27,0,NaN,NaN,162,NaN,NaN
SEA,AL,1997,925,833,90,0.35,0.48,0.28,1,5.00,4.00,162,NaN,NaN
SFG,NL,1997,784,793,90,0.34,0.41,0.26,1,5.00,4.00,162,NaN,NaN
STL,NL,1997,689,708,73,0.32,0.40,0.26,0,NaN,NaN,162,NaN,NaN
TEX,AL,1997,807,823,77,0.33,0.44,0.27,0,NaN,NaN,162,NaN,NaN
TOR,AL,1997,654,694,76,0.31,0.39,0.24,0,NaN,NaN,162,NaN,NaN
ATL,NL,1996,773,648,96,0.33,0.43,0.27,1,2.00,2.00,162,NaN,NaN
BAL,AL,1996,949,903,88,0.35,0.47,0.27,1,6.00,3.00,163,NaN,NaN
BOS,AL,1996,928,921,85,0.36,0.46,0.28,0,NaN,NaN,162,NaN,NaN
CAL,AL,1996,762,943,70,0.34,0.43,0.28,0,NaN,NaN,161,NaN,NaN
CHC,NL,1996,772,771,76,0.32,0.40,0.25,0,NaN,NaN,162,NaN,NaN
CHW,AL,1996,898,794,85,0.36,0.45,0.28,0,NaN,NaN,162,NaN,NaN
CIN,NL,1996,778,773,81,0.33,0.42,0.26,0,NaN,NaN,162,NaN,NaN
CLE,AL,1996,952,769,99,0.37,0.47,0.29,1,1.00,4.00,161,NaN,NaN
COL,NL,1996,961,964,83,0.35,0.47,0.29,0,NaN,NaN,162,NaN,NaN
DET,AL,1996,783,1103,53,0.32,0.42,0.26,0,NaN,NaN,162,NaN,NaN
FLA,NL,1996,688,703,80,0.33,0.39,0.26,0,NaN,NaN,162,NaN,NaN
HOU,NL,1996,753,792,82,0.34,0.40,0.26,0,NaN,NaN,162,NaN,NaN
KCR,AL,1996,746,786,75,0.33,0.40,0.27,0,NaN,NaN,161,NaN,NaN
LAD,NL,1996,703,652,90,0.32,0.38,0.25,1,5.00,4.00,162,NaN,NaN
MIL,AL,1996,894,899,80,0.35,0.44,0.28,0,NaN,NaN,162,NaN,NaN
MIN,AL,1996,877,900,78,0.36,0.42,0.29,0,NaN,NaN,162,NaN,NaN
MON,NL,1996,741,668,88,0.33,0.41,0.26,0,NaN,NaN,162,NaN,NaN
NYM,NL,1996,746,779,71,0.32,0.41,0.27,0,NaN,NaN,162,NaN,NaN
NYY,AL,1996,871,787,92,0.36,0.44,0.29,1,3.00,1.00,162,NaN,NaN
OAK,AL,1996,861,900,78,0.34,0.45,0.27,0,NaN,NaN,162,NaN,NaN
PHI,NL,1996,650,790,67,0.33,0.39,0.26,0,NaN,NaN,162,NaN,NaN
PIT,NL,1996,776,833,73,0.33,0.41,0.27,0,NaN,NaN,162,NaN,NaN
SDP,NL,1996,771,682,91,0.34,0.40,0.27,1,4.00,4.00,162,NaN,NaN
SEA,AL,1996,993,895,85,0.37,0.48,0.29,0,NaN,NaN,161,NaN,NaN
SFG,NL,1996,752,862,68,0.33,0.39,0.25,0,NaN,NaN,162,NaN,NaN
STL,NL,1996,759,706,88,0.33,0.41,0.27,1,6.00,3.00,162,NaN,NaN
TEX,AL,1996,928,799,90,0.36,0.47,0.28,1,5.00,4.00,163,NaN,NaN
TOR,AL,1996,766,809,74,0.33,0.42,0.26,0,NaN,NaN,162,NaN,NaN
ATL,NL,1993,767,559,104,0.33,0.41,0.26,1,1.00,3.00,162,NaN,NaN
BAL,AL,1993,786,745,85,0.35,0.41,0.27,0,NaN,NaN,162,NaN,NaN
BOS,AL,1993,686,698,80,0.33,0.40,0.26,0,NaN,NaN,162,NaN,NaN
CAL,AL,1993,684,770,71,0.33,0.38,0.26,0,NaN,NaN,162,NaN,NaN
CHC,NL,1993,738,739,84,0.33,0.41,0.27,0,NaN,NaN,163,NaN,NaN
CHW,AL,1993,776,664,94,0.34,0.41,0.27,1,4.00,3.00,162,NaN,NaN
CIN,NL,1993,722,785,73,0.32,0.40,0.26,0,NaN,NaN,162,NaN,NaN
CLE,AL,1993,790,813,76,0.34,0.41,0.28,0,NaN,NaN,162,NaN,NaN
COL,NL,1993,758,967,67,0.32,0.42,0.27,0,NaN,NaN,162,NaN,NaN
DET,AL,1993,899,837,85,0.36,0.43,0.28,0,NaN,NaN,162,NaN,NaN
FLA,NL,1993,581,724,64,0.31,0.35,0.25,0,NaN,NaN,162,NaN,NaN
HOU,NL,1993,716,630,85,0.33,0.41,0.27,0,NaN,NaN,162,NaN,NaN
KCR,AL,1993,675,694,84,0.32,0.40,0.26,0,NaN,NaN,162,NaN,NaN
LAD,NL,1993,675,662,81,0.32,0.38,0.26,0,NaN,NaN,162,NaN,NaN
MIL,AL,1993,733,792,69,0.33,0.38,0.26,0,NaN,NaN,162,NaN,NaN
MIN,AL,1993,693,830,71,0.33,0.39,0.26,0,NaN,NaN,162,NaN,NaN
MON,NL,1993,732,682,94,0.33,0.39,0.26,0,NaN,NaN,163,NaN,NaN
NYM,NL,1993,672,744,59,0.30,0.39,0.25,0,NaN,NaN,162,NaN,NaN
NYY,AL,1993,821,761,88,0.35,0.43,0.28,0,NaN,NaN,162,NaN,NaN
OAK,AL,1993,715,846,68,0.33,0.39,0.25,0,NaN,NaN,162,NaN,NaN
PHI,NL,1993,877,740,97,0.35,0.43,0.27,1,2.00,2.00,162,NaN,NaN
PIT,NL,1993,707,806,75,0.34,0.39,0.27,0,NaN,NaN,162,NaN,NaN
SDP,NL,1993,679,772,61,0.31,0.39,0.25,0,NaN,NaN,162,NaN,NaN
SEA,AL,1993,734,731,82,0.34,0.41,0.26,0,NaN,NaN,162,NaN,NaN
SFG,NL,1993,808,636,103,0.34,0.43,0.28,0,NaN,NaN,162,NaN,NaN
STL,NL,1993,758,744,87,0.34,0.40,0.27,0,NaN,NaN,162,NaN,NaN
TEX,AL,1993,835,751,86,0.33,0.43,0.27,0,NaN,NaN,162,NaN,NaN
TOR,AL,1993,847,742,95,0.35,0.44,0.28,1,3.00,1.00,162,NaN,NaN
ATL,NL,1992,682,569,98,0.32,0.39,0.25,1,1.00,2.00,162,NaN,NaN
BAL,AL,1992,705,656,89,0.34,0.40,0.26,0,NaN,NaN,162,NaN,NaN
BOS,AL,1992,599,669,73,0.32,0.35,0.25,0,NaN,NaN,162,NaN,NaN
CAL,AL,1992,579,671,72,0.30,0.34,0.24,0,NaN,NaN,162,NaN,NaN
CHC,NL,1992,593,624,78,0.31,0.36,0.25,0,NaN,NaN,162,NaN,NaN
CHW,AL,1992,738,690,86,0.34,0.38,0.26,0,NaN,NaN,162,NaN,NaN
CIN,NL,1992,660,609,90,0.33,0.38,0.26,0,NaN,NaN,162,NaN,NaN
CLE,AL,1992,674,746,76,0.32,0.38,0.27,0,NaN,NaN,162,NaN,NaN
DET,AL,1992,791,794,75,0.34,0.41,0.26,0,NaN,NaN,162,NaN,NaN
HOU,NL,1992,608,668,81,0.31,0.36,0.25,0,NaN,NaN,162,NaN,NaN
KCR,AL,1992,610,667,72,0.32,0.36,0.26,0,NaN,NaN,162,NaN,NaN
LAD,NL,1992,548,636,63,0.31,0.34,0.25,0,NaN,NaN,162,NaN,NaN
MIL,AL,1992,740,604,92,0.33,0.38,0.27,0,NaN,NaN,162,NaN,NaN
MIN,AL,1992,747,653,90,0.34,0.39,0.28,0,NaN,NaN,162,NaN,NaN
MON,NL,1992,648,581,87,0.31,0.37,0.25,0,NaN,NaN,162,NaN,NaN
NYM,NL,1992,599,653,72,0.31,0.34,0.23,0,NaN,NaN,162,NaN,NaN
NYY,AL,1992,733,746,76,0.33,0.41,0.26,0,NaN,NaN,162,NaN,NaN
OAK,AL,1992,745,672,96,0.35,0.39,0.26,1,2.00,3.00,162,NaN,NaN
PHI,NL,1992,686,717,70,0.32,0.38,0.25,0,NaN,NaN,162,NaN,NaN
PIT,NL,1992,693,595,96,0.32,0.38,0.26,1,2.00,3.00,162,NaN,NaN
SDP,NL,1992,617,636,82,0.31,0.39,0.26,0,NaN,NaN,162,NaN,NaN
SEA,AL,1992,679,799,64,0.32,0.40,0.26,0,NaN,NaN,162,NaN,NaN
SFG,NL,1992,574,647,72,0.30,0.35,0.24,0,NaN,NaN,162,NaN,NaN
STL,NL,1992,631,604,83,0.32,0.38,0.26,0,NaN,NaN,162,NaN,NaN
TEX,AL,1992,682,753,77,0.32,0.39,0.25,0,NaN,NaN,162,NaN,NaN
TOR,AL,1992,780,682,96,0.33,0.41,0.26,1,2.00,1.00,162,NaN,NaN
ATL,NL,1991,749,644,94,0.33,0.39,0.26,1,3.00,2.00,162,NaN,NaN
BAL,AL,1991,686,796,67,0.32,0.40,0.25,0,NaN,NaN,162,NaN,NaN
BOS,AL,1991,731,712,84,0.34,0.40,0.27,0,NaN,NaN,162,NaN,NaN
CAL,AL,1991,653,649,81,0.31,0.37,0.26,0,NaN,NaN,162,NaN,NaN
CHC,NL,1991,695,734,77,0.31,0.39,0.25,0,NaN,NaN,160,NaN,NaN
CHW,AL,1991,758,681,87,0.34,0.39,0.26,0,NaN,NaN,162,NaN,NaN
CIN,NL,1991,689,691,74,0.32,0.40,0.26,0,NaN,NaN,162,NaN,NaN
CLE,AL,1991,576,759,57,0.31,0.35,0.25,0,NaN,NaN,162,NaN,NaN
DET,AL,1991,817,794,84,0.33,0.42,0.25,0,NaN,NaN,162,NaN,NaN
HOU,NL,1991,605,717,65,0.31,0.35,0.24,0,NaN,NaN,162,NaN,NaN
KCR,AL,1991,727,722,82,0.33,0.39,0.26,0,NaN,NaN,162,NaN,NaN
LAD,NL,1991,665,565,93,0.33,0.36,0.25,0,NaN,NaN,162,NaN,NaN
MIL,AL,1991,799,744,83,0.34,0.40,0.27,0,NaN,NaN,162,NaN,NaN
MIN,AL,1991,776,652,95,0.34,0.42,0.28,1,2.00,1.00,162,NaN,NaN
MON,NL,1991,579,655,71,0.31,0.36,0.25,0,NaN,NaN,161,NaN,NaN
NYM,NL,1991,640,646,77,0.32,0.36,0.24,0,NaN,NaN,161,NaN,NaN
NYY,AL,1991,674,777,71,0.32,0.39,0.26,0,NaN,NaN,162,NaN,NaN
OAK,AL,1991,760,776,84,0.33,0.39,0.25,0,NaN,NaN,162,NaN,NaN
PHI,NL,1991,629,680,78,0.30,0.36,0.24,0,NaN,NaN,162,NaN,NaN
PIT,NL,1991,768,632,98,0.34,0.40,0.26,1,1.00,3.00,162,NaN,NaN
SDP,NL,1991,636,646,84,0.31,0.36,0.24,0,NaN,NaN,162,NaN,NaN
SEA,AL,1991,702,674,83,0.33,0.38,0.26,0,NaN,NaN,162,NaN,NaN
SFG,NL,1991,649,697,75,0.31,0.38,0.25,0,NaN,NaN,162,NaN,NaN
STL,NL,1991,651,648,84,0.32,0.36,0.26,0,NaN,NaN,162,NaN,NaN
TEX,AL,1991,829,814,85,0.34,0.42,0.27,0,NaN,NaN,162,NaN,NaN
TOR,AL,1991,684,622,91,0.32,0.40,0.26,1,4.00,3.00,162,NaN,NaN
ATL,NL,1990,682,821,65,0.31,0.40,0.25,0,NaN,NaN,162,NaN,NaN
BAL,AL,1990,669,698,76,0.33,0.37,0.24,0,NaN,NaN,161,NaN,NaN
BOS,AL,1990,699,664,88,0.34,0.40,0.27,1,4.00,3.00,162,NaN,NaN
CAL,AL,1990,690,706,80,0.33,0.39,0.26,0,NaN,NaN,162,NaN,NaN
CHC,NL,1990,690,774,77,0.31,0.39,0.26,0,NaN,NaN,162,NaN,NaN
CHW,AL,1990,682,633,94,0.32,0.38,0.26,0,NaN,NaN,162,NaN,NaN
CIN,NL,1990,693,597,91,0.33,0.40,0.27,1,3.00,1.00,162,NaN,NaN
CLE,AL,1990,732,737,77,0.32,0.39,0.27,0,NaN,NaN,162,NaN,NaN
DET,AL,1990,750,754,79,0.34,0.41,0.26,0,NaN,NaN,162,NaN,NaN
HOU,NL,1990,573,656,75,0.31,0.34,0.24,0,NaN,NaN,162,NaN,NaN
KCR,AL,1990,707,709,75,0.33,0.40,0.27,0,NaN,NaN,161,NaN,NaN
LAD,NL,1990,728,685,86,0.33,0.38,0.26,0,NaN,NaN,162,NaN,NaN
MIL,AL,1990,732,760,74,0.32,0.38,0.26,0,NaN,NaN,162,NaN,NaN
MIN,AL,1990,666,729,74,0.32,0.39,0.27,0,NaN,NaN,162,NaN,NaN
MON,NL,1990,662,598,85,0.32,0.37,0.25,0,NaN,NaN,162,NaN,NaN
NYM,NL,1990,775,613,91,0.32,0.41,0.26,0,NaN,NaN,162,NaN,NaN
NYY,AL,1990,603,749,67,0.30,0.37,0.24,0,NaN,NaN,162,NaN,NaN
OAK,AL,1990,733,570,103,0.34,0.39,0.25,1,1.00,2.00,162,NaN,NaN
PHI,NL,1990,646,729,77,0.33,0.36,0.26,0,NaN,NaN,162,NaN,NaN
PIT,NL,1990,733,619,95,0.33,0.41,0.26,1,2.00,3.00,162,NaN,NaN
SDP,NL,1990,673,673,75,0.32,0.38,0.26,0,NaN,NaN,162,NaN,NaN
SEA,AL,1990,640,680,77,0.33,0.37,0.26,0,NaN,NaN,162,NaN,NaN
SFG,NL,1990,719,710,85,0.32,0.40,0.26,0,NaN,NaN,162,NaN,NaN
STL,NL,1990,599,698,70,0.32,0.36,0.26,0,NaN,NaN,162,NaN,NaN
TEX,AL,1990,676,696,83,0.33,0.38,0.26,0,NaN,NaN,162,NaN,NaN
TOR,AL,1990,767,661,86,0.33,0.42,0.27,0,NaN,NaN,162,NaN,NaN
ATL,NL,1989,584,680,63,0.30,0.35,0.23,0,NaN,NaN,161,NaN,NaN
BAL,AL,1989,708,686,87,0.33,0.38,0.25,0,NaN,NaN,162,NaN,NaN
BOS,AL,1989,774,735,83,0.35,0.40,0.28,0,NaN,NaN,162,NaN,NaN
CAL,AL,1989,669,578,91,0.31,0.39,0.26,0,NaN,NaN,162,NaN,NaN
CHC,NL,1989,702,623,93,0.32,0.39,0.26,1,2.00,3.00,162,NaN,NaN
CHW,AL,1989,693,750,69,0.33,0.38,0.27,0,NaN,NaN,161,NaN,NaN
CIN,NL,1989,632,691,75,0.31,0.37,0.25,0,NaN,NaN,162,NaN,NaN
CLE,AL,1989,604,654,73,0.31,0.36,0.24,0,NaN,NaN,162,NaN,NaN
DET,AL,1989,617,816,59,0.32,0.35,0.24,0,NaN,NaN,162,NaN,NaN
HOU,NL,1989,647,669,86,0.31,0.34,0.24,0,NaN,NaN,162,NaN,NaN
KCR,AL,1989,690,635,92,0.33,0.37,0.26,0,NaN,NaN,162,NaN,NaN
LAD,NL,1989,554,536,77,0.31,0.34,0.24,0,NaN,NaN,160,NaN,NaN
MIL,AL,1989,707,679,81,0.32,0.38,0.26,0,NaN,NaN,162,NaN,NaN
MIN,AL,1989,740,738,80,0.33,0.40,0.28,0,NaN,NaN,162,NaN,NaN
MON,NL,1989,632,630,81,0.32,0.36,0.25,0,NaN,NaN,162,NaN,NaN
NYM,NL,1989,683,595,87,0.31,0.39,0.25,0,NaN,NaN,162,NaN,NaN
NYY,AL,1989,698,792,74,0.33,0.39,0.27,0,NaN,NaN,161,NaN,NaN
OAK,AL,1989,712,576,99,0.33,0.38,0.26,1,1.00,1.00,162,NaN,NaN
PHI,NL,1989,629,735,67,0.31,0.36,0.24,0,NaN,NaN,163,NaN,NaN
PIT,NL,1989,637,680,74,0.31,0.36,0.24,0,NaN,NaN,164,NaN,NaN
SDP,NL,1989,642,626,89,0.32,0.37,0.25,0,NaN,NaN,162,NaN,NaN
SEA,AL,1989,694,728,73,0.32,0.38,0.26,0,NaN,NaN,162,NaN,NaN
SFG,NL,1989,699,600,92,0.32,0.39,0.25,1,3.00,2.00,162,NaN,NaN
STL,NL,1989,632,608,86,0.32,0.36,0.26,0,NaN,NaN,164,NaN,NaN
TEX,AL,1989,695,714,83,0.33,0.39,0.26,0,NaN,NaN,162,NaN,NaN
TOR,AL,1989,731,651,89,0.32,0.40,0.26,1,4.00,3.00,162,NaN,NaN
ATL,NL,1988,555,741,54,0.30,0.35,0.24,0,NaN,NaN,160,NaN,NaN
BAL,AL,1988,550,789,54,0.30,0.36,0.24,0,NaN,NaN,161,NaN,NaN
BOS,AL,1988,813,689,89,0.36,0.42,0.28,1,4.00,3.00,162,NaN,NaN
CAL,AL,1988,714,771,75,0.32,0.39,0.26,0,NaN,NaN,162,NaN,NaN
CHC,NL,1988,660,694,77,0.31,0.38,0.26,0,NaN,NaN,163,NaN,NaN
CHW,AL,1988,631,757,71,0.30,0.37,0.24,0,NaN,NaN,161,NaN,NaN
CIN,NL,1988,641,596,87,0.31,0.37,0.25,0,NaN,NaN,161,NaN,NaN
CLE,AL,1988,666,731,78,0.31,0.39,0.26,0,NaN,NaN,162,NaN,NaN
DET,AL,1988,703,658,88,0.32,0.38,0.25,0,NaN,NaN,162,NaN,NaN
HOU,NL,1988,617,631,82,0.31,0.35,0.24,0,NaN,NaN,162,NaN,NaN
KCR,AL,1988,704,648,84,0.32,0.39,0.26,0,NaN,NaN,161,NaN,NaN
LAD,NL,1988,628,544,94,0.30,0.35,0.25,1,3.00,1.00,162,NaN,NaN
MIL,AL,1988,682,616,87,0.31,0.38,0.26,0,NaN,NaN,162,NaN,NaN
MIN,AL,1988,759,672,91,0.34,0.42,0.27,0,NaN,NaN,162,NaN,NaN
MON,NL,1988,628,592,81,0.31,0.37,0.25,0,NaN,NaN,163,NaN,NaN
NYM,NL,1988,703,532,100,0.33,0.40,0.26,1,2.00,3.00,160,NaN,NaN
NYY,AL,1988,772,748,85,0.33,0.40,0.26,0,NaN,NaN,161,NaN,NaN
OAK,AL,1988,800,620,104,0.34,0.40,0.26,1,1.00,2.00,162,NaN,NaN
PHI,NL,1988,597,734,65,0.31,0.35,0.24,0,NaN,NaN,162,NaN,NaN
PIT,NL,1988,651,616,85,0.32,0.37,0.25,0,NaN,NaN,160,NaN,NaN
SDP,NL,1988,594,583,83,0.31,0.35,0.25,0,NaN,NaN,161,NaN,NaN
SEA,AL,1988,664,744,68,0.32,0.40,0.26,0,NaN,NaN,161,NaN,NaN
SFG,NL,1988,670,626,83,0.32,0.37,0.25,0,NaN,NaN,162,NaN,NaN
STL,NL,1988,578,633,76,0.31,0.34,0.25,0,NaN,NaN,162,NaN,NaN
TEX,AL,1988,637,735,70,0.32,0.37,0.25,0,NaN,NaN,161,NaN,NaN
TOR,AL,1988,763,680,87,0.33,0.42,0.27,0,NaN,NaN,162,NaN,NaN
ATL,NL,1987,747,829,69,0.34,0.40,0.26,0,NaN,NaN,161,NaN,NaN
BAL,AL,1987,729,880,67,0.32,0.42,0.26,0,NaN,NaN,162,NaN,NaN
BOS,AL,1987,842,825,78,0.35,0.43,0.28,0,NaN,NaN,162,NaN,NaN
CAL,AL,1987,770,803,75,0.33,0.40,0.25,0,NaN,NaN,162,NaN,NaN
CHC,NL,1987,720,801,76,0.33,0.43,0.26,0,NaN,NaN,161,NaN,NaN
CHW,AL,1987,748,746,77,0.32,0.41,0.26,0,NaN,NaN,162,NaN,NaN
CIN,NL,1987,783,752,84,0.33,0.43,0.27,0,NaN,NaN,162,NaN,NaN
CLE,AL,1987,742,957,61,0.32,0.42,0.26,0,NaN,NaN,162,NaN,NaN
DET,AL,1987,896,735,98,0.35,0.45,0.27,1,1.00,3.00,162,NaN,NaN
HOU,NL,1987,648,678,76,0.32,0.37,0.25,0,NaN,NaN,162,NaN,NaN
KCR,AL,1987,715,691,83,0.33,0.41,0.26,0,NaN,NaN,162,NaN,NaN
LAD,NL,1987,635,675,73,0.31,0.37,0.25,0,NaN,NaN,162,NaN,NaN
MIL,AL,1987,862,817,91,0.35,0.43,0.28,0,NaN,NaN,162,NaN,NaN
MIN,AL,1987,786,806,85,0.33,0.43,0.26,1,4.00,1.00,162,NaN,NaN
MON,NL,1987,741,720,91,0.33,0.40,0.27,0,NaN,NaN,162,NaN,NaN
NYM,NL,1987,823,698,92,0.34,0.43,0.27,0,NaN,NaN,162,NaN,NaN
NYY,AL,1987,788,758,89,0.34,0.42,0.26,0,NaN,NaN,162,NaN,NaN
OAK,AL,1987,806,789,81,0.33,0.43,0.26,0,NaN,NaN,162,NaN,NaN
PHI,NL,1987,702,749,80,0.33,0.41,0.25,0,NaN,NaN,162,NaN,NaN
PIT,NL,1987,723,744,80,0.33,0.40,0.26,0,NaN,NaN,162,NaN,NaN
SDP,NL,1987,668,763,65,0.33,0.38,0.26,0,NaN,NaN,162,NaN,NaN
SEA,AL,1987,760,801,78,0.34,0.43,0.27,0,NaN,NaN,162,NaN,NaN
SFG,NL,1987,783,669,90,0.32,0.43,0.26,1,3.00,3.00,162,NaN,NaN
STL,NL,1987,798,693,95,0.34,0.38,0.26,1,2.00,2.00,162,NaN,NaN
TEX,AL,1987,823,849,75,0.33,0.43,0.27,0,NaN,NaN,162,NaN,NaN
TOR,AL,1987,845,655,96,0.34,0.45,0.27,0,NaN,NaN,162,NaN,NaN
ATL,NL,1986,615,719,72,0.32,0.38,0.25,0,NaN,NaN,161,NaN,NaN
BAL,AL,1986,708,760,73,0.33,0.40,0.26,0,NaN,NaN,162,NaN,NaN
BOS,AL,1986,794,696,95,0.35,0.41,0.27,1,3.00,2.00,161,NaN,NaN
CAL,AL,1986,786,684,92,0.34,0.40,0.26,1,4.00,3.00,162,NaN,NaN
CHC,NL,1986,680,781,70,0.32,0.40,0.26,0,NaN,NaN,160,NaN,NaN
CHW,AL,1986,644,699,72,0.31,0.36,0.25,0,NaN,NaN,162,NaN,NaN
CIN,NL,1986,732,717,86,0.33,0.39,0.25,0,NaN,NaN,162,NaN,NaN
CLE,AL,1986,831,841,84,0.34,0.43,0.28,0,NaN,NaN,163,NaN,NaN
DET,AL,1986,798,714,87,0.34,0.42,0.26,0,NaN,NaN,162,NaN,NaN
HOU,NL,1986,654,569,96,0.32,0.38,0.26,1,2.00,3.00,162,NaN,NaN
KCR,AL,1986,654,673,76,0.31,0.39,0.25,0,NaN,NaN,162,NaN,NaN
LAD,NL,1986,638,679,73,0.31,0.37,0.25,0,NaN,NaN,162,NaN,NaN
MIL,AL,1986,667,734,77,0.32,0.39,0.26,0,NaN,NaN,161,NaN,NaN
MIN,AL,1986,741,839,71,0.33,0.43,0.26,0,NaN,NaN,162,NaN,NaN
MON,NL,1986,637,688,78,0.32,0.38,0.25,0,NaN,NaN,161,NaN,NaN
NYM,NL,1986,783,578,108,0.34,0.40,0.26,1,1.00,1.00,162,NaN,NaN
NYY,AL,1986,797,738,90,0.35,0.43,0.27,0,NaN,NaN,162,NaN,NaN
OAK,AL,1986,731,760,76,0.32,0.39,0.25,0,NaN,NaN,162,NaN,NaN
PHI,NL,1986,739,713,86,0.33,0.40,0.25,0,NaN,NaN,161,NaN,NaN
PIT,NL,1986,663,700,64,0.32,0.37,0.25,0,NaN,NaN,162,NaN,NaN
SDP,NL,1986,656,723,74,0.32,0.39,0.26,0,NaN,NaN,162,NaN,NaN
SEA,AL,1986,718,835,67,0.33,0.40,0.25,0,NaN,NaN,162,NaN,NaN
SFG,NL,1986,698,618,83,0.32,0.38,0.25,0,NaN,NaN,162,NaN,NaN
STL,NL,1986,601,611,79,0.31,0.33,0.24,0,NaN,NaN,161,NaN,NaN
TEX,AL,1986,771,743,87,0.33,0.43,0.27,0,NaN,NaN,162,NaN,NaN
TOR,AL,1986,809,733,86,0.33,0.43,0.27,0,NaN,NaN,163,NaN,NaN
ATL,NL,1985,632,781,66,0.32,0.36,0.25,0,NaN,NaN,162,NaN,NaN
BAL,AL,1985,818,764,83,0.34,0.43,0.26,0,NaN,NaN,161,NaN,NaN
BOS,AL,1985,800,720,81,0.35,0.43,0.28,0,NaN,NaN,163,NaN,NaN
CAL,AL,1985,732,703,90,0.33,0.39,0.25,0,NaN,NaN,162,NaN,NaN
CHC,NL,1985,686,729,77,0.32,0.39,0.25,0,NaN,NaN,162,NaN,NaN
CHW,AL,1985,736,720,85,0.32,0.39,0.25,0,NaN,NaN,163,NaN,NaN
CIN,NL,1985,677,666,89,0.33,0.38,0.26,0,NaN,NaN,162,NaN,NaN
CLE,AL,1985,729,861,60,0.32,0.39,0.27,0,NaN,NaN,162,NaN,NaN
DET,AL,1985,729,688,84,0.32,0.42,0.25,0,NaN,NaN,161,NaN,NaN
HOU,NL,1985,706,691,83,0.32,0.39,0.26,0,NaN,NaN,162,NaN,NaN
KCR,AL,1985,687,639,91,0.31,0.40,0.25,1,4.00,1.00,162,NaN,NaN
LAD,NL,1985,682,579,95,0.33,0.38,0.26,1,3.00,3.00,162,NaN,NaN
MIL,AL,1985,690,802,71,0.32,0.38,0.26,0,NaN,NaN,161,NaN,NaN
MIN,AL,1985,705,782,77,0.33,0.41,0.26,0,NaN,NaN,162,NaN,NaN
MON,NL,1985,633,636,84,0.31,0.38,0.25,0,NaN,NaN,161,NaN,NaN
NYM,NL,1985,695,568,98,0.32,0.39,0.26,0,NaN,NaN,162,NaN,NaN
NYY,AL,1985,839,660,97,0.34,0.42,0.27,0,NaN,NaN,161,NaN,NaN
OAK,AL,1985,757,787,77,0.33,0.40,0.26,0,NaN,NaN,162,NaN,NaN
PHI,NL,1985,667,673,75,0.31,0.38,0.24,0,NaN,NaN,162,NaN,NaN
PIT,NL,1985,568,708,57,0.31,0.35,0.25,0,NaN,NaN,161,NaN,NaN
SDP,NL,1985,650,622,83,0.32,0.37,0.26,0,NaN,NaN,162,NaN,NaN
SEA,AL,1985,719,818,74,0.33,0.41,0.26,0,NaN,NaN,162,NaN,NaN
SFG,NL,1985,556,674,62,0.30,0.35,0.23,0,NaN,NaN,162,NaN,NaN
STL,NL,1985,747,572,101,0.34,0.38,0.26,1,1.00,2.00,162,NaN,NaN
TEX,AL,1985,617,785,62,0.32,0.38,0.25,0,NaN,NaN,161,NaN,NaN
TOR,AL,1985,759,588,99,0.33,0.42,0.27,1,2.00,3.00,161,NaN,NaN
ATL,NL,1984,632,655,80,0.32,0.36,0.25,0,NaN,NaN,162,NaN,NaN
BAL,AL,1984,681,667,85,0.33,0.39,0.25,0,NaN,NaN,162,NaN,NaN
BOS,AL,1984,810,764,86,0.34,0.44,0.28,0,NaN,NaN,162,NaN,NaN
CAL,AL,1984,696,697,81,0.32,0.38,0.25,0,NaN,NaN,162,NaN,NaN
CHC,NL,1984,762,658,96,0.33,0.40,0.26,1,2.00,3.00,161,NaN,NaN
CHW,AL,1984,679,736,74,0.31,0.40,0.25,0,NaN,NaN,162,NaN,NaN
CIN,NL,1984,627,747,70,0.31,0.36,0.24,0,NaN,NaN,162,NaN,NaN
CLE,AL,1984,761,766,75,0.34,0.38,0.27,0,NaN,NaN,163,NaN,NaN
DET,AL,1984,829,643,104,0.34,0.43,0.27,1,1.00,1.00,162,NaN,NaN
HOU,NL,1984,693,630,80,0.32,0.37,0.26,0,NaN,NaN,162,NaN,NaN
KCR,AL,1984,673,686,84,0.32,0.40,0.27,1,4.00,3.00,162,NaN,NaN
LAD,NL,1984,580,600,79,0.31,0.35,0.24,0,NaN,NaN,162,NaN,NaN
MIL,AL,1984,641,734,67,0.32,0.37,0.26,0,NaN,NaN,161,NaN,NaN
MIN,AL,1984,673,675,81,0.32,0.39,0.27,0,NaN,NaN,162,NaN,NaN
MON,NL,1984,593,585,78,0.31,0.36,0.25,0,NaN,NaN,161,NaN,NaN
NYM,NL,1984,652,676,90,0.32,0.37,0.26,0,NaN,NaN,162,NaN,NaN
NYY,AL,1984,758,679,87,0.34,0.40,0.28,0,NaN,NaN,162,NaN,NaN
OAK,AL,1984,738,796,77,0.33,0.40,0.26,0,NaN,NaN,162,NaN,NaN
PHI,NL,1984,720,690,81,0.33,0.41,0.27,0,NaN,NaN,162,NaN,NaN
PIT,NL,1984,615,567,75,0.31,0.36,0.26,0,NaN,NaN,162,NaN,NaN
SDP,NL,1984,686,634,92,0.32,0.37,0.26,1,3.00,2.00,162,NaN,NaN
SEA,AL,1984,682,774,74,0.32,0.38,0.26,0,NaN,NaN,162,NaN,NaN
SFG,NL,1984,682,807,66,0.33,0.38,0.27,0,NaN,NaN,162,NaN,NaN
STL,NL,1984,652,645,84,0.32,0.35,0.25,0,NaN,NaN,162,NaN,NaN
TEX,AL,1984,656,714,69,0.31,0.38,0.26,0,NaN,NaN,161,NaN,NaN
TOR,AL,1984,750,696,89,0.33,0.42,0.27,0,NaN,NaN,163,NaN,NaN
ATL,NL,1983,746,640,88,0.34,0.40,0.27,0,NaN,NaN,162,NaN,NaN
BAL,AL,1983,799,652,98,0.34,0.42,0.27,1,2.00,1.00,162,NaN,NaN
BOS,AL,1983,724,775,78,0.34,0.41,0.27,0,NaN,NaN,162,NaN,NaN
CAL,AL,1983,722,779,70,0.32,0.39,0.26,0,NaN,NaN,162,NaN,NaN
CHC,NL,1983,701,719,71,0.32,0.40,0.26,0,NaN,NaN,162,NaN,NaN
CHW,AL,1983,800,650,99,0.33,0.41,0.26,1,1.00,3.00,162,NaN,NaN
CIN,NL,1983,623,710,74,0.31,0.36,0.24,0,NaN,NaN,162,NaN,NaN
CLE,AL,1983,704,785,70,0.34,0.37,0.27,0,NaN,NaN,162,NaN,NaN
DET,AL,1983,789,679,92,0.34,0.43,0.27,0,NaN,NaN,162,NaN,NaN
HOU,NL,1983,643,646,85,0.32,0.38,0.26,0,NaN,NaN,162,NaN,NaN
KCR,AL,1983,696,767,79,0.32,0.40,0.27,0,NaN,NaN,163,NaN,NaN
LAD,NL,1983,654,609,91,0.32,0.38,0.25,1,3.00,3.00,163,NaN,NaN
MIL,AL,1983,764,708,87,0.33,0.42,0.28,0,NaN,NaN,162,NaN,NaN
MIN,AL,1983,709,822,70,0.32,0.40,0.26,0,NaN,NaN,162,NaN,NaN
MON,NL,1983,677,646,82,0.33,0.39,0.26,0,NaN,NaN,163,NaN,NaN
NYM,NL,1983,575,680,68,0.30,0.34,0.24,0,NaN,NaN,162,NaN,NaN
NYY,AL,1983,770,703,91,0.34,0.42,0.27,0,NaN,NaN,162,NaN,NaN
OAK,AL,1983,708,782,74,0.33,0.38,0.26,0,NaN,NaN,162,NaN,NaN
PHI,NL,1983,696,635,90,0.33,0.37,0.25,1,4.00,2.00,163,NaN,NaN
PIT,NL,1983,659,648,84,0.33,0.38,0.26,0,NaN,NaN,162,NaN,NaN
SDP,NL,1983,653,653,81,0.31,0.35,0.25,0,NaN,NaN,163,NaN,NaN
SEA,AL,1983,558,740,60,0.30,0.36,0.24,0,NaN,NaN,162,NaN,NaN
SFG,NL,1983,687,697,79,0.33,0.38,0.25,0,NaN,NaN,162,NaN,NaN
STL,NL,1983,679,710,79,0.34,0.38,0.27,0,NaN,NaN,162,NaN,NaN
TEX,AL,1983,639,609,77,0.31,0.37,0.26,0,NaN,NaN,163,NaN,NaN
TOR,AL,1983,795,726,89,0.34,0.44,0.28,0,NaN,NaN,162,NaN,NaN
ATL,NL,1982,739,702,89,0.33,0.38,0.26,1,4.00,3.00,162,NaN,NaN
BAL,AL,1982,774,687,94,0.34,0.42,0.27,0,NaN,NaN,163,NaN,NaN
BOS,AL,1982,753,713,89,0.34,0.41,0.27,0,NaN,NaN,162,NaN,NaN
CAL,AL,1982,814,670,93,0.35,0.43,0.27,1,2.00,3.00,162,NaN,NaN
CHC,NL,1982,676,709,73,0.32,0.38,0.26,0,NaN,NaN,162,NaN,NaN
CHW,AL,1982,786,710,87,0.34,0.41,0.27,0,NaN,NaN,162,NaN,NaN
CIN,NL,1982,545,661,61,0.31,0.35,0.25,0,NaN,NaN,162,NaN,NaN
CLE,AL,1982,683,748,78,0.34,0.37,0.26,0,NaN,NaN,162,NaN,NaN
DET,AL,1982,729,685,83,0.32,0.42,0.27,0,NaN,NaN,162,NaN,NaN
HOU,NL,1982,569,620,77,0.30,0.35,0.25,0,NaN,NaN,162,NaN,NaN
KCR,AL,1982,784,717,90,0.34,0.43,0.28,0,NaN,NaN,162,NaN,NaN
LAD,NL,1982,691,612,88,0.33,0.39,0.26,0,NaN,NaN,162,NaN,NaN
MIL,AL,1982,891,717,95,0.34,0.46,0.28,1,1.00,2.00,163,NaN,NaN
MIN,AL,1982,657,819,60,0.32,0.40,0.26,0,NaN,NaN,162,NaN,NaN
MON,NL,1982,697,616,86,0.33,0.40,0.26,0,NaN,NaN,162,NaN,NaN
NYM,NL,1982,609,723,65,0.30,0.35,0.25,0,NaN,NaN,162,NaN,NaN
NYY,AL,1982,709,716,79,0.33,0.40,0.26,0,NaN,NaN,162,NaN,NaN
OAK,AL,1982,691,819,68,0.31,0.37,0.24,0,NaN,NaN,162,NaN,NaN
PHI,NL,1982,664,654,89,0.32,0.38,0.26,0,NaN,NaN,162,NaN,NaN
PIT,NL,1982,724,696,84,0.33,0.41,0.27,0,NaN,NaN,162,NaN,NaN
SDP,NL,1982,675,658,81,0.31,0.36,0.26,0,NaN,NaN,162,NaN,NaN
SEA,AL,1982,651,712,76,0.31,0.38,0.25,0,NaN,NaN,162,NaN,NaN
SFG,NL,1982,673,687,87,0.33,0.38,0.25,0,NaN,NaN,162,NaN,NaN
STL,NL,1982,685,609,92,0.33,0.36,0.26,1,3.00,1.00,162,NaN,NaN
TEX,AL,1982,590,749,64,0.31,0.36,0.25,0,NaN,NaN,162,NaN,NaN
TOR,AL,1982,651,701,78,0.31,0.38,0.26,0,NaN,NaN,162,NaN,NaN
ATL,NL,1980,630,660,81,0.31,0.38,0.25,0,NaN,NaN,161,NaN,NaN
BAL,AL,1980,805,640,100,0.34,0.41,0.27,0,NaN,NaN,162,NaN,NaN
BOS,AL,1980,757,767,83,0.34,0.44,0.28,0,NaN,NaN,160,NaN,NaN
CAL,AL,1980,698,797,65,0.33,0.38,0.27,0,NaN,NaN,160,NaN,NaN
CHC,NL,1980,614,728,64,0.31,0.36,0.25,0,NaN,NaN,162,NaN,NaN
CHW,AL,1980,587,722,70,0.31,0.37,0.26,0,NaN,NaN,162,NaN,NaN
CIN,NL,1980,707,670,89,0.33,0.39,0.26,0,NaN,NaN,163,NaN,NaN
CLE,AL,1980,738,807,79,0.35,0.38,0.28,0,NaN,NaN,160,NaN,NaN
DET,AL,1980,830,757,84,0.35,0.41,0.27,0,NaN,NaN,163,NaN,NaN
HOU,NL,1980,637,589,93,0.33,0.37,0.26,1,3.00,3.00,163,NaN,NaN
KCR,AL,1980,809,694,97,0.34,0.41,0.29,1,2.00,2.00,162,NaN,NaN
LAD,NL,1980,663,591,92,0.32,0.39,0.26,0,NaN,NaN,163,NaN,NaN
MIL,AL,1980,811,682,86,0.33,0.45,0.28,0,NaN,NaN,162,NaN,NaN
MIN,AL,1980,670,724,77,0.32,0.38,0.27,0,NaN,NaN,161,NaN,NaN
MON,NL,1980,694,629,90,0.32,0.39,0.26,0,NaN,NaN,162,NaN,NaN
NYM,NL,1980,611,702,67,0.32,0.34,0.26,0,NaN,NaN,162,NaN,NaN
NYY,AL,1980,820,662,103,0.34,0.42,0.27,1,1.00,3.00,162,NaN,NaN
OAK,AL,1980,686,642,83,0.32,0.39,0.26,0,NaN,NaN,162,NaN,NaN
PHI,NL,1980,728,639,91,0.33,0.40,0.27,1,4.00,1.00,162,NaN,NaN
PIT,NL,1980,666,646,83,0.32,0.39,0.27,0,NaN,NaN,162,NaN,NaN
SDP,NL,1980,591,654,73,0.32,0.34,0.26,0,NaN,NaN,163,NaN,NaN
SEA,AL,1980,610,793,59,0.31,0.36,0.25,0,NaN,NaN,163,NaN,NaN
SFG,NL,1980,573,634,75,0.31,0.34,0.24,0,NaN,NaN,161,NaN,NaN
STL,NL,1980,738,710,74,0.33,0.40,0.28,0,NaN,NaN,162,NaN,NaN
TEX,AL,1980,756,752,76,0.34,0.41,0.28,0,NaN,NaN,163,NaN,NaN
TOR,AL,1980,624,762,67,0.31,0.38,0.25,0,NaN,NaN,162,NaN,NaN
ATL,NL,1979,669,763,66,0.32,0.38,0.26,0,NaN,NaN,160,NaN,NaN
BAL,AL,1979,757,582,102,0.34,0.42,0.26,1,1.00,2.00,159,NaN,NaN
BOS,AL,1979,841,711,91,0.34,0.46,0.28,0,NaN,NaN,160,NaN,NaN
CAL,AL,1979,866,768,88,0.35,0.43,0.28,1,4.00,3.00,162,NaN,NaN
CHC,NL,1979,706,707,80,0.33,0.40,0.27,0,NaN,NaN,162,NaN,NaN
CHW,AL,1979,730,748,73,0.33,0.41,0.28,0,NaN,NaN,160,NaN,NaN
CIN,NL,1979,731,644,90,0.34,0.40,0.26,1,3.00,3.00,161,NaN,NaN
CLE,AL,1979,760,805,81,0.34,0.38,0.26,0,NaN,NaN,161,NaN,NaN
DET,AL,1979,770,738,84,0.34,0.41,0.27,0,NaN,NaN,161,NaN,NaN
HOU,NL,1979,583,582,89,0.32,0.34,0.26,0,NaN,NaN,162,NaN,NaN
KCR,AL,1979,851,816,85,0.34,0.42,0.28,0,NaN,NaN,162,NaN,NaN
LAD,NL,1979,739,717,79,0.33,0.41,0.26,0,NaN,NaN,162,NaN,NaN
MIL,AL,1979,807,722,95,0.34,0.45,0.28,0,NaN,NaN,161,NaN,NaN
MIN,AL,1979,764,725,82,0.34,0.40,0.28,0,NaN,NaN,162,NaN,NaN
MON,NL,1979,701,581,95,0.32,0.41,0.26,0,NaN,NaN,160,NaN,NaN
NYM,NL,1979,593,706,63,0.31,0.35,0.25,0,NaN,NaN,163,NaN,NaN
NYY,AL,1979,734,672,89,0.33,0.41,0.27,0,NaN,NaN,160,NaN,NaN
OAK,AL,1979,573,860,54,0.30,0.35,0.24,0,NaN,NaN,162,NaN,NaN
PHI,NL,1979,683,718,84,0.34,0.40,0.27,0,NaN,NaN,163,NaN,NaN
PIT,NL,1979,775,643,98,0.33,0.42,0.27,1,2.00,1.00,163,NaN,NaN
SDP,NL,1979,603,681,68,0.31,0.35,0.24,0,NaN,NaN,161,NaN,NaN
SEA,AL,1979,711,820,67,0.33,0.40,0.27,0,NaN,NaN,162,NaN,NaN
SFG,NL,1979,672,751,71,0.32,0.36,0.25,0,NaN,NaN,162,NaN,NaN
STL,NL,1979,731,693,86,0.33,0.40,0.28,0,NaN,NaN,163,NaN,NaN
TEX,AL,1979,750,698,83,0.33,0.41,0.28,0,NaN,NaN,162,NaN,NaN
TOR,AL,1979,613,862,53,0.31,0.36,0.25,0,NaN,NaN,162,NaN,NaN
ATL,NL,1978,600,750,69,0.32,0.36,0.24,0,NaN,NaN,162,NaN,NaN
BAL,AL,1978,659,633,90,0.33,0.40,0.26,0,NaN,NaN,161,NaN,NaN
BOS,AL,1978,796,657,99,0.34,0.42,0.27,0,NaN,NaN,163,NaN,NaN
CAL,AL,1978,691,666,87,0.33,0.37,0.26,0,NaN,NaN,162,NaN,NaN
CHC,NL,1978,664,724,79,0.33,0.36,0.26,0,NaN,NaN,162,NaN,NaN
CHW,AL,1978,634,731,71,0.32,0.38,0.26,0,NaN,NaN,161,NaN,NaN
CIN,NL,1978,710,688,92,0.33,0.39,0.26,0,NaN,NaN,161,NaN,NaN
CLE,AL,1978,639,694,69,0.32,0.38,0.26,0,NaN,NaN,159,NaN,NaN
DET,AL,1978,714,653,86,0.34,0.39,0.27,0,NaN,NaN,162,NaN,NaN
HOU,NL,1978,605,634,74,0.31,0.35,0.26,0,NaN,NaN,162,NaN,NaN
KCR,AL,1978,743,634,92,0.33,0.40,0.27,1,3.00,3.00,162,NaN,NaN
LAD,NL,1978,727,573,95,0.34,0.40,0.26,1,2.00,2.00,162,NaN,NaN
MIL,AL,1978,804,650,93,0.34,0.43,0.28,0,NaN,NaN,162,NaN,NaN
MIN,AL,1978,666,678,73,0.34,0.38,0.27,0,NaN,NaN,162,NaN,NaN
MON,NL,1978,633,611,76,0.31,0.38,0.25,0,NaN,NaN,162,NaN,NaN
NYM,NL,1978,607,690,66,0.31,0.35,0.24,0,NaN,NaN,162,NaN,NaN
NYY,AL,1978,735,582,100,0.33,0.39,0.27,1,1.00,1.00,163,NaN,NaN
OAK,AL,1978,532,690,69,0.30,0.35,0.24,0,NaN,NaN,162,NaN,NaN
PHI,NL,1978,708,586,90,0.33,0.39,0.26,1,4.00,3.00,162,NaN,NaN
PIT,NL,1978,684,637,88,0.32,0.39,0.26,0,NaN,NaN,161,NaN,NaN
SDP,NL,1978,591,598,84,0.32,0.35,0.25,0,NaN,NaN,162,NaN,NaN
SEA,AL,1978,614,834,56,0.31,0.36,0.25,0,NaN,NaN,160,NaN,NaN
SFG,NL,1978,613,594,89,0.32,0.37,0.25,0,NaN,NaN,162,NaN,NaN
STL,NL,1978,600,657,69,0.30,0.36,0.25,0,NaN,NaN,162,NaN,NaN
TEX,AL,1978,692,632,87,0.33,0.38,0.25,0,NaN,NaN,162,NaN,NaN
TOR,AL,1978,590,775,59,0.31,0.36,0.25,0,NaN,NaN,161,NaN,NaN
ATL,NL,1977,678,895,61,0.32,0.38,0.25,0,NaN,NaN,162,NaN,NaN
BAL,AL,1977,719,653,97,0.33,0.39,0.26,0,NaN,NaN,161,NaN,NaN
BOS,AL,1977,859,712,97,0.34,0.47,0.28,0,NaN,NaN,161,NaN,NaN
CAL,AL,1977,675,695,74,0.32,0.39,0.26,0,NaN,NaN,162,NaN,NaN
CHC,NL,1977,692,739,81,0.33,0.39,0.27,0,NaN,NaN,162,NaN,NaN
CHW,AL,1977,844,771,90,0.34,0.44,0.28,0,NaN,NaN,162,NaN,NaN
CIN,NL,1977,802,725,88,0.34,0.44,0.27,0,NaN,NaN,162,NaN,NaN
CLE,AL,1977,676,739,71,0.33,0.38,0.27,0,NaN,NaN,161,NaN,NaN
DET,AL,1977,714,751,74,0.32,0.41,0.26,0,NaN,NaN,162,NaN,NaN
HOU,NL,1977,680,650,81,0.32,0.39,0.25,0,NaN,NaN,162,NaN,NaN
KCR,AL,1977,822,651,102,0.34,0.44,0.28,1,1.00,3.00,162,NaN,NaN
LAD,NL,1977,769,582,98,0.34,0.42,0.27,1,4.00,2.00,162,NaN,NaN
MIL,AL,1977,639,765,67,0.31,0.39,0.26,0,NaN,NaN,162,NaN,NaN
MIN,AL,1977,867,776,84,0.35,0.42,0.28,0,NaN,NaN,161,NaN,NaN
MON,NL,1977,665,736,75,0.32,0.40,0.26,0,NaN,NaN,162,NaN,NaN
NYM,NL,1977,587,663,64,0.31,0.35,0.24,0,NaN,NaN,162,NaN,NaN
NYY,AL,1977,831,651,100,0.34,0.44,0.28,1,3.00,1.00,162,NaN,NaN
OAK,AL,1977,605,749,63,0.31,0.35,0.24,0,NaN,NaN,161,NaN,NaN
PHI,NL,1977,847,668,101,0.35,0.45,0.28,1,2.00,3.00,162,NaN,NaN
PIT,NL,1977,734,665,96,0.33,0.41,0.27,0,NaN,NaN,162,NaN,NaN
SDP,NL,1977,692,834,69,0.32,0.38,0.25,0,NaN,NaN,162,NaN,NaN
SEA,AL,1977,624,855,64,0.31,0.38,0.26,0,NaN,NaN,162,NaN,NaN
SFG,NL,1977,673,711,75,0.32,0.38,0.25,0,NaN,NaN,162,NaN,NaN
STL,NL,1977,737,688,83,0.33,0.39,0.27,0,NaN,NaN,162,NaN,NaN
TEX,AL,1977,767,657,94,0.34,0.41,0.27,0,NaN,NaN,162,NaN,NaN
TOR,AL,1977,605,822,54,0.32,0.36,0.25,0,NaN,NaN,161,NaN,NaN
ATL,NL,1976,620,700,70,0.32,0.33,0.24,0,NaN,NaN,162,NaN,NaN
BAL,AL,1976,619,598,88,0.31,0.36,0.24,0,NaN,NaN,162,NaN,NaN
BOS,AL,1976,716,660,83,0.32,0.40,0.26,0,NaN,NaN,162,NaN,NaN
CAL,AL,1976,550,631,76,0.31,0.32,0.23,0,NaN,NaN,162,NaN,NaN
CHC,NL,1976,611,728,75,0.31,0.36,0.25,0,NaN,NaN,162,NaN,NaN
CHW,AL,1976,586,745,64,0.31,0.35,0.26,0,NaN,NaN,161,NaN,NaN
CIN,NL,1976,857,633,102,0.36,0.42,0.28,1,1.00,1.00,162,NaN,NaN
CLE,AL,1976,615,615,81,0.32,0.36,0.26,0,NaN,NaN,159,NaN,NaN
DET,AL,1976,609,709,74,0.32,0.36,0.26,0,NaN,NaN,161,NaN,NaN
HOU,NL,1976,625,657,80,0.32,0.35,0.26,0,NaN,NaN,162,NaN,NaN
KCR,AL,1976,713,611,90,0.33,0.37,0.27,1,4.00,3.00,162,NaN,NaN
LAD,NL,1976,608,543,92,0.31,0.35,0.25,0,NaN,NaN,162,NaN,NaN
MIL,AL,1976,570,655,66,0.31,0.34,0.25,0,NaN,NaN,161,NaN,NaN
MIN,AL,1976,743,704,85,0.34,0.38,0.27,0,NaN,NaN,162,NaN,NaN
MON,NL,1976,531,734,55,0.29,0.34,0.23,0,NaN,NaN,162,NaN,NaN
NYM,NL,1976,615,538,86,0.32,0.35,0.25,0,NaN,NaN,162,NaN,NaN
NYY,AL,1976,730,575,97,0.33,0.39,0.27,1,3.00,2.00,159,NaN,NaN
OAK,AL,1976,686,598,87,0.32,0.36,0.25,0,NaN,NaN,161,NaN,NaN
PHI,NL,1976,770,557,101,0.34,0.40,0.27,1,2.00,3.00,162,NaN,NaN
PIT,NL,1976,708,630,92,0.32,0.39,0.27,0,NaN,NaN,162,NaN,NaN
SDP,NL,1976,570,662,73,0.31,0.34,0.25,0,NaN,NaN,162,NaN,NaN
SFG,NL,1976,595,686,74,0.31,0.34,0.25,0,NaN,NaN,162,NaN,NaN
STL,NL,1976,629,671,72,0.32,0.36,0.26,0,NaN,NaN,162,NaN,NaN
TEX,AL,1976,616,652,76,0.32,0.34,0.25,0,NaN,NaN,162,NaN,NaN
ATL,NL,1975,583,739,67,0.31,0.35,0.24,0,NaN,NaN,161,NaN,NaN
BAL,AL,1975,682,553,90,0.33,0.37,0.25,0,NaN,NaN,159,NaN,NaN
BOS,AL,1975,796,709,95,0.34,0.42,0.28,1,3.00,2.00,160,NaN,NaN
CAL,AL,1975,628,723,72,0.32,0.33,0.25,0,NaN,NaN,161,NaN,NaN
CHC,NL,1975,712,827,75,0.34,0.37,0.26,0,NaN,NaN,162,NaN,NaN
CHW,AL,1975,655,703,75,0.33,0.36,0.26,0,NaN,NaN,161,NaN,NaN
CIN,NL,1975,840,586,108,0.35,0.40,0.27,1,1.00,1.00,162,NaN,NaN
CLE,AL,1975,688,703,79,0.33,0.39,0.26,0,NaN,NaN,159,NaN,NaN
DET,AL,1975,570,786,57,0.30,0.37,0.25,0,NaN,NaN,159,NaN,NaN
HOU,NL,1975,664,711,64,0.32,0.36,0.25,0,NaN,NaN,162,NaN,NaN
KCR,AL,1975,710,649,91,0.33,0.39,0.26,0,NaN,NaN,162,NaN,NaN
LAD,NL,1975,648,534,88,0.33,0.36,0.25,0,NaN,NaN,162,NaN,NaN
MIL,AL,1975,675,792,68,0.32,0.39,0.25,0,NaN,NaN,162,NaN,NaN
MIN,AL,1975,724,736,76,0.34,0.39,0.27,0,NaN,NaN,159,NaN,NaN
MON,NL,1975,601,690,75,0.32,0.35,0.24,0,NaN,NaN,162,NaN,NaN
NYM,NL,1975,646,625,82,0.32,0.36,0.26,0,NaN,NaN,162,NaN,NaN
NYY,AL,1975,681,588,83,0.33,0.38,0.26,0,NaN,NaN,160,NaN,NaN
OAK,AL,1975,758,606,98,0.33,0.39,0.25,1,2.00,3.00,162,NaN,NaN
PHI,NL,1975,735,694,86,0.34,0.40,0.27,0,NaN,NaN,162,NaN,NaN
PIT,NL,1975,712,565,92,0.32,0.40,0.26,1,4.00,3.00,161,NaN,NaN
SDP,NL,1975,552,683,71,0.31,0.34,0.24,0,NaN,NaN,162,NaN,NaN
SFG,NL,1975,659,671,80,0.33,0.36,0.26,0,NaN,NaN,161,NaN,NaN
STL,NL,1975,662,689,82,0.33,0.38,0.27,0,NaN,NaN,163,NaN,NaN
TEX,AL,1975,714,733,79,0.33,0.37,0.26,0,NaN,NaN,162,NaN,NaN
ATL,NL,1974,661,563,88,0.32,0.36,0.25,0,NaN,NaN,163,NaN,NaN
BAL,AL,1974,659,612,91,0.32,0.37,0.26,1,2.00,3.00,162,NaN,NaN
BOS,AL,1974,696,661,84,0.33,0.38,0.26,0,NaN,NaN,162,NaN,NaN
CAL,AL,1974,618,657,68,0.32,0.36,0.25,0,NaN,NaN,163,NaN,NaN
CHC,NL,1974,669,826,66,0.33,0.36,0.25,0,NaN,NaN,162,NaN,NaN
CHW,AL,1974,684,721,80,0.33,0.39,0.27,0,NaN,NaN,163,NaN,NaN
CIN,NL,1974,776,631,98,0.34,0.39,0.26,0,NaN,NaN,163,NaN,NaN
CLE,AL,1974,662,694,77,0.31,0.37,0.26,0,NaN,NaN,162,NaN,NaN
DET,AL,1974,620,768,72,0.30,0.37,0.25,0,NaN,NaN,162,NaN,NaN
HOU,NL,1974,653,632,81,0.32,0.38,0.26,0,NaN,NaN,162,NaN,NaN
KCR,AL,1974,667,662,77,0.33,0.36,0.26,0,NaN,NaN,162,NaN,NaN
LAD,NL,1974,798,561,102,0.34,0.40,0.27,1,1.00,2.00,162,NaN,NaN
MIL,AL,1974,647,660,76,0.31,0.37,0.24,0,NaN,NaN,162,NaN,NaN
MIN,AL,1974,673,669,82,0.34,0.38,0.27,0,NaN,NaN,163,NaN,NaN
MON,NL,1974,662,657,79,0.34,0.35,0.25,0,NaN,NaN,161,NaN,NaN
NYM,NL,1974,572,646,71,0.31,0.33,0.23,0,NaN,NaN,162,NaN,NaN
NYY,AL,1974,671,623,89,0.32,0.37,0.26,0,NaN,NaN,162,NaN,NaN
OAK,AL,1974,689,551,90,0.32,0.37,0.25,1,3.00,1.00,162,NaN,NaN
PHI,NL,1974,676,701,80,0.32,0.37,0.26,0,NaN,NaN,162,NaN,NaN
PIT,NL,1974,751,657,88,0.34,0.39,0.27,1,4.00,3.00,162,NaN,NaN
SDP,NL,1974,541,830,60,0.30,0.33,0.23,0,NaN,NaN,162,NaN,NaN
SFG,NL,1974,634,723,72,0.32,0.36,0.25,0,NaN,NaN,162,NaN,NaN
STL,NL,1974,677,643,86,0.33,0.36,0.27,0,NaN,NaN,161,NaN,NaN
TEX,AL,1974,690,698,83,0.34,0.38,0.27,0,NaN,NaN,161,NaN,NaN
ATL,NL,1973,799,774,76,0.34,0.43,0.27,0,NaN,NaN,162,NaN,NaN
BAL,AL,1973,754,561,97,0.34,0.39,0.27,1,2.00,3.00,162,NaN,NaN
BOS,AL,1973,738,647,89,0.34,0.40,0.27,0,NaN,NaN,162,NaN,NaN
CAL,AL,1973,629,657,79,0.32,0.35,0.25,0,NaN,NaN,162,NaN,NaN
CHC,NL,1973,614,655,77,0.32,0.36,0.25,0,NaN,NaN,161,NaN,NaN
CHW,AL,1973,652,705,77,0.32,0.37,0.26,0,NaN,NaN,162,NaN,NaN
CIN,NL,1973,741,621,99,0.33,0.38,0.25,1,1.00,3.00,162,NaN,NaN
CLE,AL,1973,680,826,71,0.32,0.39,0.26,0,NaN,NaN,162,NaN,NaN
DET,AL,1973,642,674,85,0.32,0.39,0.25,0,NaN,NaN,162,NaN,NaN
HOU,NL,1973,681,672,82,0.31,0.38,0.25,0,NaN,NaN,162,NaN,NaN
KCR,AL,1973,755,752,88,0.34,0.38,0.26,0,NaN,NaN,162,NaN,NaN
LAD,NL,1973,675,565,95,0.32,0.37,0.26,0,NaN,NaN,162,NaN,NaN
MIL,AL,1973,708,731,74,0.33,0.39,0.25,0,NaN,NaN,162,NaN,NaN
MIN,AL,1973,738,692,81,0.34,0.39,0.27,0,NaN,NaN,162,NaN,NaN
MON,NL,1973,668,702,79,0.34,0.36,0.25,0,NaN,NaN,162,NaN,NaN
NYM,NL,1973,608,588,82,0.32,0.34,0.25,1,4.00,2.00,161,NaN,NaN
NYY,AL,1973,641,610,80,0.32,0.38,0.26,0,NaN,NaN,162,NaN,NaN
OAK,AL,1973,758,615,94,0.33,0.39,0.26,1,3.00,1.00,162,NaN,NaN
PHI,NL,1973,642,717,71,0.31,0.37,0.25,0,NaN,NaN,162,NaN,NaN
PIT,NL,1973,704,693,80,0.32,0.41,0.26,0,NaN,NaN,162,NaN,NaN
SDP,NL,1973,548,770,60,0.30,0.35,0.24,0,NaN,NaN,162,NaN,NaN
SFG,NL,1973,739,702,88,0.34,0.41,0.26,0,NaN,NaN,162,NaN,NaN
STL,NL,1973,643,603,81,0.33,0.36,0.26,0,NaN,NaN,162,NaN,NaN
TEX,AL,1973,619,844,57,0.32,0.36,0.26,0,NaN,NaN,162,NaN,NaN
ATL,NL,1971,643,699,82,0.31,0.39,0.26,0,NaN,NaN,162,NaN,NaN
BAL,AL,1971,742,530,101,0.35,0.40,0.26,1,1.00,2.00,158,NaN,NaN
BOS,AL,1971,691,667,85,0.32,0.40,0.25,0,NaN,NaN,162,NaN,NaN
CAL,AL,1971,511,576,76,0.29,0.33,0.23,0,NaN,NaN,162,NaN,NaN
CHC,NL,1971,637,648,83,0.33,0.38,0.26,0,NaN,NaN,162,NaN,NaN
CHW,AL,1971,617,597,79,0.33,0.37,0.25,0,NaN,NaN,162,NaN,NaN
CIN,NL,1971,586,581,79,0.30,0.37,0.24,0,NaN,NaN,162,NaN,NaN
CLE,AL,1971,543,747,60,0.30,0.34,0.24,0,NaN,NaN,162,NaN,NaN
DET,AL,1971,701,645,91,0.33,0.41,0.25,0,NaN,NaN,162,NaN,NaN
HOU,NL,1971,585,567,79,0.30,0.34,0.24,0,NaN,NaN,162,NaN,NaN
KCR,AL,1971,603,566,85,0.31,0.35,0.25,0,NaN,NaN,161,NaN,NaN
LAD,NL,1971,663,587,89,0.33,0.37,0.27,0,NaN,NaN,162,NaN,NaN
MIL,AL,1971,534,609,69,0.30,0.33,0.23,0,NaN,NaN,161,NaN,NaN
MIN,AL,1971,654,670,74,0.32,0.37,0.26,0,NaN,NaN,160,NaN,NaN
MON,NL,1971,622,729,71,0.32,0.34,0.25,0,NaN,NaN,162,NaN,NaN
NYM,NL,1971,588,550,83,0.32,0.35,0.25,0,NaN,NaN,162,NaN,NaN
NYY,AL,1971,648,641,81,0.33,0.36,0.25,0,NaN,NaN,162,NaN,NaN
OAK,AL,1971,691,564,101,0.32,0.38,0.25,1,1.00,3.00,161,NaN,NaN
PHI,NL,1971,558,688,67,0.30,0.35,0.23,0,NaN,NaN,162,NaN,NaN
PIT,NL,1971,788,599,97,0.33,0.42,0.27,1,2.00,1.00,162,NaN,NaN
SDP,NL,1971,486,610,61,0.29,0.33,0.23,0,NaN,NaN,161,NaN,NaN
SFG,NL,1971,706,644,90,0.33,0.38,0.25,1,3.00,3.00,162,NaN,NaN
STL,NL,1971,739,699,90,0.34,0.39,0.28,0,NaN,NaN,163,NaN,NaN
WSA,AL,1971,537,660,63,0.31,0.33,0.23,0,NaN,NaN,159,NaN,NaN
ATL,NL,1970,736,772,76,0.33,0.40,0.27,0,NaN,NaN,162,NaN,NaN
BAL,AL,1970,792,574,108,0.34,0.40,0.26,1,1.00,1.00,162,NaN,NaN
BOS,AL,1970,786,722,87,0.34,0.43,0.26,0,NaN,NaN,162,NaN,NaN
CAL,AL,1970,631,630,86,0.31,0.36,0.25,0,NaN,NaN,162,NaN,NaN
CHC,NL,1970,806,679,84,0.33,0.41,0.26,0,NaN,NaN,162,NaN,NaN
CHW,AL,1970,633,822,56,0.32,0.36,0.25,0,NaN,NaN,162,NaN,NaN
CIN,NL,1970,775,681,102,0.34,0.44,0.27,1,2.00,2.00,162,NaN,NaN
CLE,AL,1970,649,675,76,0.31,0.39,0.25,0,NaN,NaN,162,NaN,NaN
DET,AL,1970,666,731,79,0.32,0.37,0.24,0,NaN,NaN,162,NaN,NaN
HOU,NL,1970,744,763,79,0.33,0.39,0.26,0,NaN,NaN,162,NaN,NaN
KCR,AL,1970,611,705,65,0.31,0.35,0.24,0,NaN,NaN,162,NaN,NaN
LAD,NL,1970,749,684,87,0.33,0.38,0.27,0,NaN,NaN,161,NaN,NaN
MIL,AL,1970,613,751,65,0.32,0.36,0.24,0,NaN,NaN,163,NaN,NaN
MIN,AL,1970,744,605,98,0.33,0.40,0.26,1,3.00,3.00,162,NaN,NaN
MON,NL,1970,687,807,73,0.32,0.36,0.24,0,NaN,NaN,162,NaN,NaN
NYM,NL,1970,695,630,83,0.33,0.37,0.25,0,NaN,NaN,162,NaN,NaN
NYY,AL,1970,680,612,93,0.32,0.36,0.25,0,NaN,NaN,163,NaN,NaN
OAK,AL,1970,678,593,89,0.33,0.39,0.25,0,NaN,NaN,162,NaN,NaN
PHI,NL,1970,594,730,73,0.30,0.36,0.24,0,NaN,NaN,161,NaN,NaN
PIT,NL,1970,729,664,89,0.33,0.41,0.27,1,4.00,3.00,162,NaN,NaN
SDP,NL,1970,681,788,63,0.31,0.39,0.25,0,NaN,NaN,162,NaN,NaN
SFG,NL,1970,831,826,86,0.35,0.41,0.26,0,NaN,NaN,162,NaN,NaN
STL,NL,1970,744,747,76,0.33,0.38,0.26,0,NaN,NaN,162,NaN,NaN
WSA,AL,1970,626,689,70,0.32,0.36,0.24,0,NaN,NaN,162,NaN,NaN
ATL,NL,1969,691,631,93,0.32,0.38,0.26,1,4.00,3.00,162,NaN,NaN
BAL,AL,1969,779,517,109,0.34,0.41,0.27,1,1.00,2.00,162,NaN,NaN
BOS,AL,1969,743,736,87,0.33,0.41,0.25,0,NaN,NaN,162,NaN,NaN
CAL,AL,1969,528,652,71,0.30,0.32,0.23,0,NaN,NaN,163,NaN,NaN
CHC,NL,1969,720,611,92,0.32,0.38,0.25,0,NaN,NaN,163,NaN,NaN
CHW,AL,1969,625,723,68,0.32,0.36,0.25,0,NaN,NaN,162,NaN,NaN
CIN,NL,1969,798,768,89,0.34,0.42,0.28,0,NaN,NaN,163,NaN,NaN
CLE,AL,1969,573,717,62,0.31,0.34,0.24,0,NaN,NaN,161,NaN,NaN
DET,AL,1969,701,601,90,0.32,0.39,0.24,0,NaN,NaN,162,NaN,NaN
HOU,NL,1969,676,668,81,0.33,0.35,0.24,0,NaN,NaN,162,NaN,NaN
KCR,AL,1969,586,688,69,0.31,0.34,0.24,0,NaN,NaN,163,NaN,NaN
LAD,NL,1969,645,561,85,0.32,0.36,0.25,0,NaN,NaN,162,NaN,NaN
MIN,AL,1969,790,618,97,0.34,0.41,0.27,1,3.00,3.00,162,NaN,NaN
MON,NL,1969,582,791,52,0.31,0.36,0.24,0,NaN,NaN,162,NaN,NaN
NYM,NL,1969,632,541,100,0.31,0.35,0.24,1,2.00,1.00,162,NaN,NaN
NYY,AL,1969,562,587,80,0.31,0.34,0.23,0,NaN,NaN,162,NaN,NaN
OAK,AL,1969,740,678,88,0.33,0.38,0.25,0,NaN,NaN,162,NaN,NaN
PHI,NL,1969,645,745,63,0.31,0.37,0.24,0,NaN,NaN,162,NaN,NaN
PIT,NL,1969,725,652,88,0.33,0.40,0.28,0,NaN,NaN,162,NaN,NaN
SDP,NL,1969,468,746,52,0.28,0.33,0.23,0,NaN,NaN,162,NaN,NaN
SEP,AL,1969,639,799,64,0.32,0.35,0.23,0,NaN,NaN,163,NaN,NaN
SFG,NL,1969,713,636,90,0.33,0.36,0.24,0,NaN,NaN,162,NaN,NaN
STL,NL,1969,595,540,87,0.32,0.36,0.25,0,NaN,NaN,162,NaN,NaN
WSA,AL,1969,694,644,86,0.33,0.38,0.25,0,NaN,NaN,162,NaN,NaN
ATL,NL,1968,514,549,81,0.31,0.34,0.25,0,NaN,NaN,163,NaN,NaN
BAL,AL,1968,579,497,91,0.30,0.35,0.23,0,NaN,NaN,162,NaN,NaN
BOS,AL,1968,614,611,86,0.31,0.35,0.24,0,NaN,NaN,162,NaN,NaN
CAL,AL,1968,498,615,67,0.29,0.32,0.23,0,NaN,NaN,162,NaN,NaN
CHC,NL,1968,612,611,84,0.30,0.37,0.24,0,NaN,NaN,163,NaN,NaN
CHW,AL,1968,463,527,67,0.28,0.31,0.23,0,NaN,NaN,162,NaN,NaN
CIN,NL,1968,690,673,83,0.32,0.39,0.27,0,NaN,NaN,163,NaN,NaN
CLE,AL,1968,516,504,86,0.29,0.33,0.23,0,NaN,NaN,162,NaN,NaN
DET,AL,1968,671,492,103,0.31,0.39,0.23,1,1.00,1.00,164,NaN,NaN
HOU,NL,1968,510,588,72,0.30,0.32,0.23,0,NaN,NaN,162,NaN,NaN
LAD,NL,1968,470,509,76,0.29,0.32,0.23,0,NaN,NaN,162,NaN,NaN
MIN,AL,1968,562,546,79,0.30,0.35,0.24,0,NaN,NaN,162,NaN,NaN
NYM,NL,1968,473,499,73,0.28,0.32,0.23,0,NaN,NaN,163,NaN,NaN
NYY,AL,1968,536,531,83,0.29,0.32,0.21,0,NaN,NaN,164,NaN,NaN
OAK,AL,1968,569,544,82,0.30,0.34,0.24,0,NaN,NaN,163,NaN,NaN
PHI,NL,1968,543,615,76,0.29,0.33,0.23,0,NaN,NaN,162,NaN,NaN
PIT,NL,1968,583,532,80,0.31,0.34,0.25,0,NaN,NaN,163,NaN,NaN
SFG,NL,1968,599,529,88,0.31,0.34,0.24,0,NaN,NaN,163,NaN,NaN
STL,NL,1968,583,472,97,0.30,0.35,0.25,1,2.00,2.00,162,NaN,NaN
WSA,AL,1968,524,665,65,0.29,0.34,0.22,0,NaN,NaN,161,NaN,NaN
ATL,NL,1967,631,640,77,0.31,0.37,0.24,0,NaN,NaN,162,NaN,NaN
BAL,AL,1967,654,592,76,0.31,0.37,0.24,0,NaN,NaN,161,NaN,NaN
BOS,AL,1967,722,614,92,0.32,0.40,0.26,1,2.00,2.00,162,NaN,NaN
CAL,AL,1967,567,587,84,0.30,0.35,0.24,0,NaN,NaN,161,NaN,NaN
CHC,NL,1967,702,624,87,0.32,0.38,0.25,0,NaN,NaN,162,NaN,NaN
CHW,AL,1967,531,491,89,0.29,0.32,0.23,0,NaN,NaN,162,NaN,NaN
CIN,NL,1967,604,563,87,0.30,0.37,0.25,0,NaN,NaN,162,NaN,NaN
CLE,AL,1967,559,613,75,0.29,0.36,0.23,0,NaN,NaN,162,NaN,NaN
DET,AL,1967,683,587,91,0.33,0.38,0.24,0,NaN,NaN,163,NaN,NaN
HOU,NL,1967,626,742,69,0.32,0.36,0.25,0,NaN,NaN,162,NaN,NaN
KCA,AL,1967,533,660,62,0.30,0.33,0.23,0,NaN,NaN,161,NaN,NaN
LAD,NL,1967,519,595,73,0.30,0.33,0.24,0,NaN,NaN,162,NaN,NaN
MIN,AL,1967,671,590,91,0.31,0.37,0.24,0,NaN,NaN,164,NaN,NaN
NYM,NL,1967,498,672,61,0.29,0.33,0.24,0,NaN,NaN,162,NaN,NaN
NYY,AL,1967,522,621,72,0.30,0.32,0.23,0,NaN,NaN,163,NaN,NaN
PHI,NL,1967,612,581,82,0.31,0.36,0.24,0,NaN,NaN,162,NaN,NaN
PIT,NL,1967,679,693,81,0.32,0.38,0.28,0,NaN,NaN,163,NaN,NaN
SFG,NL,1967,652,551,91,0.31,0.37,0.24,0,NaN,NaN,162,NaN,NaN
STL,NL,1967,695,557,101,0.32,0.38,0.26,1,1.00,1.00,161,NaN,NaN
WSA,AL,1967,550,637,76,0.29,0.33,0.22,0,NaN,NaN,161,NaN,NaN
ATL,NL,1966,782,683,85,0.33,0.42,0.26,0,NaN,NaN,163,NaN,NaN
BAL,AL,1966,755,601,97,0.32,0.41,0.26,1,1.00,1.00,160,NaN,NaN
BOS,AL,1966,655,731,72,0.31,0.38,0.24,0,NaN,NaN,162,NaN,NaN
CAL,AL,1966,604,643,80,0.30,0.35,0.23,0,NaN,NaN,162,NaN,NaN
CHC,NL,1966,644,809,59,0.31,0.38,0.25,0,NaN,NaN,162,NaN,NaN
CHW,AL,1966,574,517,83,0.30,0.33,0.23,0,NaN,NaN,163,NaN,NaN
CIN,NL,1966,692,702,76,0.31,0.40,0.26,0,NaN,NaN,160,NaN,NaN
CLE,AL,1966,574,586,81,0.30,0.36,0.24,0,NaN,NaN,162,NaN,NaN
DET,AL,1966,719,698,88,0.32,0.41,0.25,0,NaN,NaN,162,NaN,NaN
HOU,NL,1966,612,695,72,0.32,0.36,0.26,0,NaN,NaN,163,NaN,NaN
KCA,AL,1966,564,648,74,0.29,0.34,0.24,0,NaN,NaN,160,NaN,NaN
LAD,NL,1966,606,490,95,0.31,0.36,0.26,1,2.00,2.00,162,NaN,NaN
MIN,AL,1966,663,581,89,0.32,0.38,0.25,0,NaN,NaN,162,NaN,NaN
NYM,NL,1966,587,761,66,0.30,0.34,0.24,0,NaN,NaN,161,NaN,NaN
NYY,AL,1966,611,612,70,0.30,0.37,0.23,0,NaN,NaN,160,NaN,NaN
PHI,NL,1966,696,640,87,0.32,0.38,0.26,0,NaN,NaN,162,NaN,NaN
PIT,NL,1966,759,641,92,0.33,0.43,0.28,0,NaN,NaN,162,NaN,NaN
SFG,NL,1966,675,626,93,0.30,0.39,0.25,0,NaN,NaN,161,NaN,NaN
STL,NL,1966,571,577,83,0.30,0.37,0.25,0,NaN,NaN,162,NaN,NaN
WSA,AL,1966,557,659,71,0.29,0.35,0.23,0,NaN,NaN,159,NaN,NaN
BAL,AL,1965,641,578,94,0.31,0.36,0.24,0,NaN,NaN,162,NaN,NaN
BOS,AL,1965,669,791,62,0.33,0.40,0.25,0,NaN,NaN,162,NaN,NaN
CAL,AL,1965,527,569,75,0.30,0.34,0.24,0,NaN,NaN,162,NaN,NaN
CHC,NL,1965,635,723,72,0.31,0.36,0.24,0,NaN,NaN,164,NaN,NaN
CHW,AL,1965,647,555,95,0.32,0.36,0.25,0,NaN,NaN,162,NaN,NaN
CIN,NL,1965,825,704,89,0.34,0.44,0.27,0,NaN,NaN,162,NaN,NaN
CLE,AL,1965,663,613,87,0.32,0.38,0.25,0,NaN,NaN,162,NaN,NaN
DET,AL,1965,680,602,89,0.31,0.37,0.24,0,NaN,NaN,162,NaN,NaN
HOU,NL,1965,569,711,65,0.30,0.34,0.24,0,NaN,NaN,162,NaN,NaN
KCA,AL,1965,585,755,59,0.31,0.36,0.24,0,NaN,NaN,162,NaN,NaN
LAD,NL,1965,608,521,97,0.31,0.34,0.24,1,2.00,1.00,162,NaN,NaN
MIN,AL,1965,774,600,102,0.32,0.40,0.25,1,1.00,2.00,162,NaN,NaN
MLN,NL,1965,708,633,86,0.31,0.42,0.26,0,NaN,NaN,162,NaN,NaN
NYM,NL,1965,495,752,50,0.28,0.33,0.22,0,NaN,NaN,164,NaN,NaN
NYY,AL,1965,611,604,77,0.30,0.36,0.23,0,NaN,NaN,162,NaN,NaN
PHI,NL,1965,654,667,85,0.31,0.38,0.25,0,NaN,NaN,162,NaN,NaN
PIT,NL,1965,675,580,90,0.32,0.38,0.27,0,NaN,NaN,163,NaN,NaN
SFG,NL,1965,682,593,95,0.31,0.39,0.25,0,NaN,NaN,163,NaN,NaN
STL,NL,1965,707,674,80,0.31,0.37,0.25,0,NaN,NaN,162,NaN,NaN
WSA,AL,1965,591,721,70,0.30,0.35,0.23,0,NaN,NaN,162,NaN,NaN
BAL,AL,1964,679,567,97,0.32,0.39,0.25,0,NaN,NaN,163,NaN,NaN
BOS,AL,1964,688,793,72,0.32,0.42,0.26,0,NaN,NaN,162,NaN,NaN
CHC,NL,1964,649,724,76,0.31,0.39,0.25,0,NaN,NaN,162,NaN,NaN
CHW,AL,1964,642,501,98,0.32,0.35,0.25,0,NaN,NaN,162,NaN,NaN
CIN,NL,1964,660,566,92,0.31,0.37,0.25,0,NaN,NaN,163,NaN,NaN
CLE,AL,1964,689,693,79,0.31,0.38,0.25,0,NaN,NaN,164,NaN,NaN
DET,AL,1964,699,678,85,0.32,0.40,0.25,0,NaN,NaN,163,NaN,NaN
HOU,NL,1964,495,628,66,0.28,0.32,0.23,0,NaN,NaN,162,NaN,NaN
KCA,AL,1964,621,836,57,0.31,0.38,0.24,0,NaN,NaN,163,NaN,NaN
LAA,AL,1964,544,551,82,0.30,0.34,0.24,0,NaN,NaN,162,NaN,NaN
LAD,NL,1964,614,572,80,0.30,0.34,0.25,0,NaN,NaN,164,NaN,NaN
MIN,AL,1964,737,678,79,0.32,0.43,0.25,0,NaN,NaN,163,NaN,NaN
MLN,NL,1964,803,744,88,0.33,0.42,0.27,0,NaN,NaN,162,NaN,NaN
NYM,NL,1964,569,776,53,0.30,0.35,0.25,0,NaN,NaN,163,NaN,NaN
NYY,AL,1964,730,577,99,0.32,0.39,0.25,1,1.00,2.00,164,NaN,NaN
PHI,NL,1964,693,632,92,0.32,0.39,0.26,0,NaN,NaN,162,NaN,NaN
PIT,NL,1964,663,636,80,0.32,0.39,0.26,0,NaN,NaN,162,NaN,NaN
SFG,NL,1964,656,587,90,0.31,0.38,0.25,0,NaN,NaN,162,NaN,NaN
STL,NL,1964,715,652,93,0.32,0.39,0.27,1,2.00,1.00,162,NaN,NaN
WSA,AL,1964,578,733,62,0.30,0.35,0.23,0,NaN,NaN,162,NaN,NaN
BAL,AL,1963,644,621,86,0.31,0.38,0.25,0,NaN,NaN,162,NaN,NaN
BOS,AL,1963,666,704,76,0.31,0.40,0.25,0,NaN,NaN,161,NaN,NaN
CHC,NL,1963,570,578,82,0.30,0.36,0.24,0,NaN,NaN,162,NaN,NaN
CHW,AL,1963,683,544,94,0.32,0.36,0.25,0,NaN,NaN,162,NaN,NaN
CIN,NL,1963,648,594,86,0.31,0.37,0.25,0,NaN,NaN,162,NaN,NaN
CLE,AL,1963,635,702,79,0.30,0.38,0.24,0,NaN,NaN,162,NaN,NaN
DET,AL,1963,700,703,79,0.33,0.38,0.25,0,NaN,NaN,162,NaN,NaN
HOU,NL,1963,464,640,66,0.28,0.30,0.22,0,NaN,NaN,162,NaN,NaN
KCA,AL,1963,615,704,73,0.31,0.35,0.25,0,NaN,NaN,162,NaN,NaN
LAA,AL,1963,597,660,70,0.31,0.35,0.25,0,NaN,NaN,161,NaN,NaN
LAD,NL,1963,640,550,99,0.31,0.36,0.25,1,2.00,1.00,163,NaN,NaN
MIN,AL,1963,767,602,91,0.33,0.43,0.26,0,NaN,NaN,161,NaN,NaN
MLN,NL,1963,677,603,84,0.31,0.37,0.24,0,NaN,NaN,163,NaN,NaN
NYM,NL,1963,501,774,51,0.28,0.32,0.22,0,NaN,NaN,162,NaN,NaN
NYY,AL,1963,714,547,104,0.31,0.40,0.25,1,1.00,2.00,161,NaN,NaN
PHI,NL,1963,642,578,87,0.31,0.38,0.25,0,NaN,NaN,162,NaN,NaN
PIT,NL,1963,567,595,74,0.31,0.36,0.25,0,NaN,NaN,162,NaN,NaN
SFG,NL,1963,725,641,88,0.32,0.41,0.26,0,NaN,NaN,162,NaN,NaN
STL,NL,1963,747,628,93,0.33,0.40,0.27,0,NaN,NaN,162,NaN,NaN
WSA,AL,1963,578,812,56,0.29,0.35,0.23,0,NaN,NaN,162,NaN,NaN
BAL,AL,1962,652,680,77,0.31,0.39,0.25,0,NaN,NaN,162,NaN,NaN
BOS,AL,1962,707,756,76,0.32,0.40,0.26,0,NaN,NaN,160,NaN,NaN
CHC,NL,1962,632,827,59,0.32,0.38,0.25,0,NaN,NaN,162,NaN,NaN
CHW,AL,1962,707,658,85,0.33,0.37,0.26,0,NaN,NaN,162,NaN,NaN
CIN,NL,1962,802,685,98,0.33,0.42,0.27,0,NaN,NaN,162,NaN,NaN
CLE,AL,1962,682,745,80,0.31,0.39,0.24,0,NaN,NaN,162,NaN,NaN
DET,AL,1962,758,692,85,0.33,0.41,0.25,0,NaN,NaN,161,NaN,NaN
HOU,NL,1962,592,717,64,0.31,0.35,0.25,0,NaN,NaN,162,NaN,NaN
KCA,AL,1962,745,837,72,0.33,0.39,0.26,0,NaN,NaN,162,NaN,NaN
LAA,AL,1962,718,706,86,0.33,0.38,0.25,0,NaN,NaN,162,NaN,NaN
LAD,NL,1962,842,697,102,0.34,0.40,0.27,0,NaN,NaN,165,NaN,NaN
MIN,AL,1962,798,713,91,0.34,0.41,0.26,0,NaN,NaN,163,NaN,NaN
MLN,NL,1962,730,665,86,0.33,0.40,0.25,0,NaN,NaN,162,NaN,NaN
NYM,NL,1962,617,948,40,0.32,0.36,0.24,0,NaN,NaN,161,NaN,NaN
NYY,AL,1962,817,680,96,0.34,0.43,0.27,1,2.00,1.00,162,NaN,NaN
PHI,NL,1962,705,759,81,0.33,0.39,0.26,0,NaN,NaN,161,NaN,NaN
PIT,NL,1962,706,626,93,0.32,0.39,0.27,0,NaN,NaN,161,NaN,NaN
SFG,NL,1962,878,690,103,0.34,0.44,0.28,1,1.00,2.00,165,NaN,NaN
STL,NL,1962,774,664,84,0.34,0.39,0.27,0,NaN,NaN,163,NaN,NaN
WSA,AL,1962,599,716,60,0.31,0.37,0.25,0,NaN,NaN,162,NaN,NaN
